INSERT INTO persona VALUES(01,'Jaime','Balderas','Jimenez','BAJJ000322HMCLMMA1','M','Estado de Mexico',7122196489,'jbjimenez@gmail.com','50783','Ixtlahuaca','San Antonio Bonixi','Melchor Ocampo','Avenida Principal');
INSERT INTO persona VALUES(02,'Beatriz','Mendoza','Ocampo','MEOB991221FMUDBUC2','F','Estado de Mexico',5544477788,'bmocampo@hotmail.com','50740','Ixtlahuaca','San Francisco','Gustavo Baz','Avenida Principal');
INSERT INTO persona VALUES(03,'Lorena','Garza','Sisneros','GASL980902JDNGMMQ3','F','Estado de Mexico',7122165544,'lgsisneros@gmail.com','50740','Ixtlahuca','Morelos','Adolfo Lopez','Avenida Principal');
INSERT INTO persona VALUES(04,'Alejandro','Paez','Salinas','PASA971003OEJVNMQ4','M','Queretaro',5559632147,'apsalinas@hotmail.com','50740','Ixtlahuaca','San Pedro','Venustiano','Avenida principal');
INSERT INTO persona VALUES(05,'Sandra','Reyes','Sanchez','RESS961104GBVMSSV5','F','Estado de Mexico',5596354782,'srsanchez@gmail.com','50740','Intlaguaca','Barri de los Perales','Carranza','Avenida Principal');
INSERT INTO persona VALUES(06,'Arturo','Gonzales','Sanchez','GOSA951205YRHCGLL6','M','Estado de Mexico',7124896321,'agsanchez@hotmail.com','50740','Ixtlahuaca','San Pedro','Frida Kahlo','Avenida Principal');	
INSERT INTO persona VALUES(07,'Martha','Beatriz','Martinez','BEMM940106GHJKLLE7','F','Estado de Mexico',5545789632,'mbmartinez@gmail.com','50740','Ixtlahuaca','San Bartolo','Emiliano','Avenida Principal');
INSERT INTO persona VALUES(08,'Jonathan','Gonzalez','Gutierrez','GOGJ930207QWERTTY8','M','Estado de Mexico',5536987412,'jggutierrez@gmail.com','50740','Ixtlahuaca','Santa Cruz','Rayon','Avenida Principal');
INSERT INTO persona VALUES(09,'Gustavo','Salinas','Salinas','SASG920308ASDFGGH9','M','Michoacan',7122369854,'gssalinas@gmail.com','50740','Ixtlahuaca','Atlacomulco','Loma','Avenida Principal');
INSERT INTO persona VALUES(10,'Carla','Florencio','Lopez','FLLC910409ZXCVBBN0','F','Estado de Mexico',5541236585,'cflopez@hotmail.com','50740','Ixtlahuca','San Juan','Obregón','Avenida Principal');
INSERT INTO persona VALUES(11,'Leticia','Cruz','Meliton','CRML900510MNBVCCX1','F','Estado de Mexico',7122145896,'lcmeliton@hotmail.com','50740','Ixtlahuaca','Jiquipilco','Amargura','Avenida Principal');
INSERT INTO persona VALUES(12,'Lorenzo','Marcelo','Gutierrez','MAGL010611POIUYYT2','M','Estado de Mexico',55444888,'lmgutierrez@hotmail.com','50740','Ixtlahuaca','Zapata','Loma de Bezares','Avenida Principal');
INSERT INTO persona VALUES(13,'Francisco','Gonzales','Gonzales','GOGF020712BHGKWWQ3','M','Estado de Mexico',7121458963,'fggonzales@hotmail.com','50740','Ixtlahuaca','Santa Maria','Barranca del Muerto','Avenida Principal');
INSERT INTO persona VALUES(14,'Silvia','Martinez','Bernardino','MABS010801DGBCHH4','F','Sinaloa',5544412368,'smbernardino@hotmail.com','50740','Ixtlahuca','Nijini','Capital Cortez','Avenida Principal');
INSERT INTO persona VALUES(15,'Jovani','Monrroy','Vilchis','MOVJ000902ZAQWSSX4','M','Estado de Mexico',5512365490,'jmvilchis@hotmail.com','50740','Ixtlahuca','Reyes','Fuente de Ballecas','Avenida Principal');
INSERT INTO persona VALUES(16,'Margarita','Salinas','Martinez','SAMM991003XCDERRF5','F','Estado de Mexico',7121458963,'msmatinez@hotmail.com','50740','Ixtlahuca','Portesgil','AlvarezdeToledo','Avenida Principal');
INSERT INTO persona VALUES(17,'Jose','Garcia','Bara','GABJ981104VTGBNNH6','M','Estado de Mexico',5523159753,'jgbara@hotmail.com','50740','Ixtlahuca','Loma Hidalgo','Plaza de Felipe','Avenida Principal');
INSERT INTO persona VALUES(18,'Sofia','Mendoza','Alvarez','MEAS971205NMJUIIK7','F','Estado de Mexico',5515975336,'smalvarez@gmail.com','50740','Ixtlahuca','San Pedro','Plaza del Duque','Avenida Principal');
INSERT INTO persona VALUES(19,'Jesus','Carrillo','Vergara','CAVJ960106KLOPNNP8','M','Veracruz',7124563695,'jcvergara@hotmail.com','50740','Ixtlahuca','Santo Domingo','Las Bugambilias','Avenida Principal');
INSERT INTO persona VALUES(20,'Raul','Melquiades','Monrroy','MEMR950207LPOIKKM9','M','Estado de Mexico',5536987412,'rmoros@gmail.com','50740','Ixtlahuca','San Francisco','General Astray','Avenida Principal');
INSERT INTO persona VALUES(21,'Arturo','Valdez','Ortega','VAOA940308NJUYGGV0','M','Jalisco',5512369875,'avortega@hotmail.com','50740','Ixtlahuca','Cachi','Comandante Sorita','Avenida Principal');
INSERT INTO persona VALUES(22,'Reyna','Angeles','Miranda','ANMR930409MVHDZZB1','F','Estado de Mexico',5512349873,'ramiranda@gmail.com','50740','Ixtlahuca','Loma Hidalgo','Emiliano Zapata','Avenida Principal');
INSERT INTO persona VALUES(23,'Cesar','Santigo','Chavez','SACC940510QWEASSD2','M','Hidalgo',5585236974,'cschavez@gmail.com','50740','Ixtlahuca','San Juan','Tlalpan','Avenida Principal');
INSERT INTO persona VALUES(24,'Benito','Juarez','Garcia','JUGB920611NBHGYYT3','M','Estado de Mexico',7121159324,'bjgarcia@hotmail.com','50740','Ixtlahuca','Santa Maria','Bonita','Avenida Principal');
INSERT INTO persona VALUES(25,'Frida','Nava','Lopez','NALF910712LPOKVVB4','F','Estado de Mexico',5596301230,'fnlopez@hotmail.com','50740','Ixtlahuca','Nijini','16de Septiembre','Avenida Principal');
INSERT INTO persona VALUES(26,'Emanuel','Perez','Garcia','PEGE900813DFERCCG5','M','Estado de Mexico',7122123256,'epgarcia@gmail.com','50740','Ixtlahuca','Jiquipilco','La Cava','Avenida Principal');
INSERT INTO persona VALUES(27,'Edmundo','Chaves','Chaves','CHCE020914HGYTNNZ6','M','Estado de Mexico',5544663322,'ecchaves@gmail.com','50740','Ixtlahuca','Jocotitlan','Loma Verdes','Avenida Principal');
INSERT INTO persona VALUES(28,'Carla','Mendoza','Ortiz','MEOC011015MPNOBBI7','F','Monterrey',7121459852,'cmortiz@hotmail.com','50740','Ixtlahuca','Zapat','Calle Rosal','Avenida Principal');
INSERT INTO persona VALUES(29,'Samuel','Florencio','Veltran','FLVS001116QZWXEEC8','M','Estado de Mexico',5544220011,'sfveltran@hotmail.com','50740','Ixtlahuaca','Santa Maria','Venustiano','Avenida Principal');
INSERT INTO persona VALUES(30,'Samantha','Nava','Ayala','NAAS001217ALSKJJD9','F','Estado de Mexico',7121036987,'snayala@gmail.com','50740','Ixtlahuca','San Juan','Barrio Lindo','Avenida Principal');
INSERT INTO persona VALUES(31,'Teresa','Plata','Hernandez','PLHT900101QWXZSSD1','F','Estado de Mexico',7121893857,'tphernandez@gmail.com','50727','Jocotitlan','Los Reyes','Buenavista','Av. 20 de noviembre');
INSERT INTO persona VALUES(32,'Erika','Cortez','Nazar','CONE890202JHKGFFN2','F','Estado de Mexico',7122123618,'ecnazar@gmail.com','5798','concepcion de los baños','San pedro de los baños','Mavoro','calle 32-c');
INSERT INTO persona VALUES(33,'Juan','Olmedo','Lopez','OLLJ880303VFGBTTR3','M','Estado de Mexico',7223456894,'jcapolo@gmail.com','50600','Ixtlahuaca','san lorenzo toxico','manzana 8','Avenida Principal');
INSERT INTO persona VALUES(34,'Leticia','Bribisca','Castillo','BRCL870404QWASDDE4','F','Distrito Federal',5536275438,'lbcastillo@gmail.com','50740','los reyes la paz','santha martha','acatitla','nicolas bravo');
INSERT INTO persona VALUES(35,'Lorena','Cruz','Guzman','CRGL860505JHUYGGX5','F','Estado de Mexico',7224864434,'lcguzman@gmail.com','50780','los reyes la paz','Olimpia','Emiliano Zapata','lázaro cárdenas');
INSERT INTO persona VALUES(36,'Juan','Ambriz','Polo','AMPJ850606ERDFCCV6','M','Estado de Mexico',7122639491,'jambriz@gmail.com','50730','Atlacomulco','atravillacuatromilpas','rayon','Chabacano');
INSERT INTO persona VALUES(37,'Marcial','Martinez','Blas','MABM840707HGNBJJR7','M','Colima',7221807656,'mmblas@gmail.com','50727','Jocotitlan','santo domingo','dolores','soliralidad');
INSERT INTO persona VALUES(38,'Isaias','Vazquez', 'Juarez','VAJI830808YUNMLLA8','M','Estado de Mexico',7222517488,'ivjuarez@gmail.com','50890','Ixtlahuaca','San lorenzo toxico','río lerma','manzana5');
INSERT INTO persona VALUES(39,'Juan Carlos','Suarez','Sanchez','SUSJ820909EDIKTTG9','M','Estado de Mexico',7122457558,'jssanchez@gmail.col','50980','Atlacomulco','sancarlos','Buenavista','calle manzano');
INSERT INTO persona VALUES(40,'Bruno Emyr','Carreto','Cid de Leon','CACB811010KLASXXN0','M','Campeche',7221440956,'becleon@gmail.com','50739','Toluca','Lerdo','san mateo atenco','Josemaria');
INSERT INTO persona VALUES(41,'Froylan','Verdugo','Ortiz','VEOF801111HGNBYYZ1','M','Estado de Mexico',5583542298,'fvortiz@gmail.com','50200','Toluca','Barrio santa clara','sanjoaquin','callemorelos');
INSERT INTO persona VALUES(42,'Hector','Caballero','Hernandez','CAHH901212TYRUEEI2','M','Estado de Mexico',7221163712,'hchernandez@gmail.com','50620','san martín','robles','atlavilla','calle la mora');
INSERT INTO persona VALUES(43,'Leopoldo','Gil','Antonio','GIAL890113ZMXNVVT3','M','Estado de Mexico',7124356789,'lgantonio@gmail.com','50230','toluca','barrio la merced','buenavista','calletexcoco');
INSERT INTO persona VALUES(44,'Juan','Alberto','Antonio','ALAJ880214EFJABBZ4','M','Tabasco',7124237690,'jaantonio@gmail.com','50780','Jocotitlan','barrio la teneria','bolivia','paseo tollocan');
INSERT INTO persona VALUES(45,'Alfredo','Martinez','Mora','MAMA870315FTILWWF5','M','Estado de Mexico',7224235678,'ammora@gmail.com','50720','morelos','toluca','buenavista','calle alpinismo');
INSERT INTO persona VALUES(46,'Alma','Balderas','Miranda','BAMA860416SDRFKKU6','F','Estado de Mexico',7121345544,'abmiranda@gmail.com','50980','Toluca','milpa alta','tollocan ','calle nicolás bravo');
INSERT INTO persona VALUES(47,'Antonio','Salvador','Valdez','SAVA850517HGJYNNA7','M','Veracruz',7123456789,'asvaldez@gmail.com','50783','Rayón','Olmedo','Altamirano','calle wenceslao');
INSERT INTO persona VALUES(48,'Ximena','Sanches','Mota','SAMX840618RUDFBBL8','F','Estado de Mexico',5563247890,'xsmota@gmail.com','50659','Atlavillla','san martin','palmillas','callepotrero');
INSERT INTO persona VALUES(49,'Carmela','Sosa','Martines','SOMC830719NJIMKKC9','F','Estado de Mexico',7124364565,'csmartinez@gmail.com','50789','metepec','Morelos','rayon','calle5demayo');
INSERT INTO persona VALUES(50,'Maria','Hernandez','Matias','HEMM820820FREDMMA0','F','Queretaro',5568903420,'mhmatias@gmail.com','50980','Ixtlahuaca','Temoaya','sanmiartin','callecañada');
INSERT INTO persona VALUES(51,'Oscar','Andrade','Betancourt','ANBO810921BGTZSSY1','M','Estado de Mexico',5568342819,'oabetancourtqgmail.com','50670','Ixtlahuaca','San lorenzo','Toxico','Manzana1');
INSERT INTO persona VALUES(52,'Thania','Cruz','Olvera','CROT801022COTMNNQ2','F','Estado de Mexico',5534227860,'tcolvera@gmail.com','50489','Ixtapaluca','Iztapalapa','buenavista','callebravo');
INSERT INTO persona VALUES(53,'Fabian','Cruz','Miranda','CRMF901123RGUJOOE3','M','Distrito Federal',5563457890,'fcmiranda@gmail.com','50706','Jocotitlan','Morelos','santa teresa','calle ascencion');
INSERT INTO persona VALUES(54,'Luis Fernado','Miranda','Bolaños','MIBL891224SECAUUV4','M','Estado de Mexico',7134568990,'lfmbolaños@gmail.com','50789','Metepec','Morelos','barrio nopaleras','callevalentingomezfarias');
INSERT INTO persona VALUES(55,'Fatima','Sanches','Medina','SAMF880125VFGBDDA5','F','Estado de Mexico',5534271430,'fsmedina@gmail.com','50723','toluca','rayon ','Morelos','callebienvenida');
INSERT INTO persona VALUES(56,'Ivan','Silva','Reyes','SIRI870226IRUEBBX6','M','Monterrey',5567894332,'isreyes@gmail.com','50780','atlacomulco','milpalta','reyes','calleodilon');
INSERT INTO persona VALUES(57,'Jesus Eduardo','Fuentez','Quezada','FUQJ860327HGYTEEB7','M','Estado de Mexico',7129356780,'jefquezada@gmail.com','50789','ixtlahuaca','rayon','Sanlorenzo','calleazalea');
INSERT INTO persona VALUES(58,'Jackelin','Orduña','Antonio','ORAJ850428CHFBJJT8','F','Estado de Mexico',5534678856,'joantonio@gmail.com','50625','jocotitlan','Losreyes','barriomartin','callegomezfarias');
INSERT INTO persona VALUES(59,'Shunely','Bonifacio','De Jesus','BODS840529NBHFSSW9','F','Hidalgo',7345689030,'sdbonifacio@gmail.com','50789','Metepec','Morelos','Farias','callegeranio');
INSERT INTO persona VALUES(60,'Luis','Nava','Martinez','NAML830430NHYKYYZ0','M','Estado de Mexico',7122456734,'lnmartinez@gmail.com','5760','Ixtlahuaca','Rayon','San Lorenzo Toxico','Manzana 1');

#Tabla Opcion
INSERT INTO opcion VALUES (0,'EQUIV','No_Cursada',' Curso Especial');
INSERT INTO opcion VALUES (1,'CN1','Primera Oportunidad O','Curso Ordinario');
INSERT INTO opcion VALUES (2,'ER1','Segunda Oportunidad O','Curso Ordinario');
INSERT INTO opcion VALUES (3,'EEX','Curso sabatino','Curso Especial');
INSERT INTO opcion VALUES (4,'CN2','Primera Oportunidad R','Curso Recurse');
INSERT INTO opcion VALUES (5,'ER2','Segunda Oportunidad R','Curso Recurse');
INSERT INTO opcion VALUES (6,'EG1','Curso Verano O','Curso Ordinario');
INSERT INTO opcion VALUES (7,'EG2','Curso Verano E','Curso Especial');
INSERT INTO opcion VALUES (8,'EE','Especial','Curso Especial');

# Registros Alumnos
INSERT INTO alumnos VALUES ('2018150480052',01);
INSERT INTO alumnos VALUES ('2018150480053',02);
INSERT INTO alumnos VALUES ('2018150480054',03);
INSERT INTO alumnos VALUES ('2018150480055',04);
INSERT INTO alumnos VALUES ('2018150480056',05);
INSERT INTO alumnos VALUES ('2018150480057',06);
INSERT INTO alumnos VALUES ('2018150480058',07);
INSERT INTO alumnos VALUES ('2018150480059',08);
INSERT INTO alumnos VALUES ('2018150480060',09);
INSERT INTO alumnos VALUES ('2018150480061',10);

INSERT INTO alumnos VALUES('2018150480195',11);
INSERT INTO alumnos VALUES('2018150480034',12);
INSERT INTO alumnos VALUES('2018150480572',13);
INSERT INTO alumnos VALUES('2018150480246',14);
INSERT INTO alumnos VALUES('2018150480125',15);
INSERT INTO alumnos VALUES('2018150480873',16);
INSERT INTO alumnos VALUES('2018150480164',17);
INSERT INTO alumnos VALUES('2018150480073',18);
INSERT INTO alumnos VALUES('2018150480724',19);
INSERT INTO alumnos VALUES('2018150480936',20);

INSERT INTO alumnos VALUES ('2018150480900',21);
INSERT INTO alumnos VALUES ('2018150480915',22);
INSERT INTO alumnos VALUES ('2018150480945',23);
INSERT INTO alumnos VALUES ('2018150480975',24);
INSERT INTO alumnos VALUES ('2018150480969',25);
INSERT INTO alumnos VALUES ('2018150480947',26);
INSERT INTO alumnos VALUES ('2018150480930',27);
INSERT INTO alumnos VALUES ('2018150480974',28);
INSERT INTO alumnos VALUES ('2018150480985',29);
INSERT INTO alumnos VALUES ('2018150480988',30);

# Registros Unidades
INSERT INTO unidades VALUES ('SCD-1003-1',1,'Arquitecturas de cómputo','SCD-1003');
INSERT INTO unidades VALUES ('SCD-1003-2',2,'Estructura y funcionamiento de la CPU','SCD-1003');
INSERT INTO unidades VALUES ('SCD-1003-3',3,'Componentes para ensamble de equipo de computo','SCD-1003');
INSERT INTO unidades VALUES ('SCD-1003-4',4,'Procesamiento paralelo','SCD-1003');
INSERT INTO unidades VALUES ('AEC-1061-1',1,'Sistemas operativos','AEC-1061');
INSERT INTO unidades VALUES ('AEC-1061-2',2,'Administracion de procesos y hyperprocesador','AEC-1061');
INSERT INTO unidades VALUES ('AEC-1061-3',3,'Administracion de memoria','AEC-1061');
INSERT INTO unidades VALUES ('AEC-1061-4',4,'Administracion de Entrada-Salida','AEC-1061');
INSERT INTO unidades VALUES ('AEC-1061-5',5,'Sistemas de archivos','AEC-1061');
INSERT INTO unidades VALUES ('AEC-1061-6',6,'Proteccion y seguridad','AEC-1061');

INSERT INTO unidades VALUES('SCC-1007-1',1,'Fundamentos de Ingeneria en Software','SCC-1007');
INSERT INTO unidades VALUES('SCC-1010-5',5,'Introduccion a la Animacion Por Computadora','SCC-1010');
INSERT INTO unidades VALUES('SCC-1007-2',2,'El modelo de negocio','SCC-1007');
INSERT INTO unidades VALUES('SCC-1007-3',3,'Ingenria de Requerimentos','SCC-1007');
INSERT INTO unidades VALUES('SCC-1007-4',4,'Modelo de Analisis','SCC-1007');
INSERT INTO unidades VALUES('SCC-1007-5',5,'Calidad de Software','SCC-1007');
INSERT INTO unidades VALUES('SCC-1010-1',1,'Introduccion a la Graficacion Por Computadora','SCC-1010');
INSERT INTO unidades VALUES('SCC-1010-2',2,'Graficacion 2D','SCC-1010');
INSERT INTO unidades VALUES('SCC-1010-3',3,'Graficacion 3D','SCC-1010');
INSERT INTO unidades VALUES('SCC-1010-4',4,'Relleno, Iluminacion y Sombreado','SCC-1010');

INSERT INTO unidades VALUES('SCA-1025-1',1,'El SGBD y el Lenguaje de Definición de Datos ','SCA-1025');
INSERT INTO unidades VALUES('SCA-1025-2',2,'Lenguaje de Manipulación de Datos ','SCA-1025');
INSERT INTO unidades VALUES('SCA-1025-3',3,'Administración de base de datos ','SCA-1025');
INSERT INTO unidades VALUES('SCA-1025-4',4,'SQL Procedural ','SCA-1025');
INSERT INTO unidades VALUES('SCA-1025-5',5,'Tecnologías de conectividad de base de datos ','SCA-1025');
INSERT INTO unidades VALUES('AEC-1034-1',1,'Sistema de comunicación','AEC-1034');
INSERT INTO unidades VALUES('AEC-1034-2',2,'Medios de transmisión','AEC-1034');
INSERT INTO unidades VALUES('AEC-1034-3',3,'Modulación ','AEC-1034');
INSERT INTO unidades VALUES('AEC-1034-4',4,'Técnicas de conmutación y multiplexación','AEC-1034');
INSERT INTO unidades VALUES('AEC-1034-5',5,'Modelos y dispositivos de comunicación','AEC-1034');
                            
#Insercion de calificaciones 
INSERT INTO calificaciones VALUES('2018150480052','SCD-1003-1',89,1);
INSERT INTO calificaciones VALUES('2018150480052','SCD-1003-2',79,1);
INSERT INTO calificaciones VALUES('2018150480052','SCD-1003-3',90,1);
INSERT INTO calificaciones VALUES('2018150480052','SCD-1003-4',86,1);
INSERT INTO calificaciones VALUES('2018150480052','AEC-1061-1',89,1);
INSERT INTO calificaciones VALUES('2018150480052','AEC-1061-2',100,1);
INSERT INTO calificaciones VALUES('2018150480053','SCD-1003-1',78,2);
INSERT INTO calificaciones VALUES('2018150480054','SCD-1003-1',80,1);
INSERT INTO calificaciones VALUES('2018150480055','SCD-1003-1',82,1);
INSERT INTO calificaciones VALUES('2018150480056','SCD-1003-3',90,1);
INSERT INTO calificaciones VALUES('2018150480057','SCD-1003-3',87,2);
INSERT INTO calificaciones VALUES('2018150480058','SCD-1003-3',75,1);
INSERT INTO calificaciones VALUES('2018150480059','SCD-1003-3',74,2);
INSERT INTO calificaciones VALUES('2018150480060','SCC-1010-2',91,1);
INSERT INTO calificaciones VALUES('2018150480061','SCC-1010-2',86,2);
INSERT INTO calificaciones VALUES('2018150480195','SCC-1010-2',89,4);
INSERT INTO calificaciones VALUES('2018150480034','SCD-1003-2',91,5);
INSERT INTO calificaciones VALUES('2018150480572','SCD-1003-2',83,2);
INSERT INTO calificaciones VALUES('2018150480246','SCD-1003-2',84,1);
INSERT INTO calificaciones VALUES('2018150480125','SCD-1003-2',85,4);
INSERT INTO calificaciones VALUES('2018150480873','SCD-1003-4',95,1);
INSERT INTO calificaciones VALUES('2018150480164','SCD-1003-4',75,1);
INSERT INTO calificaciones VALUES('2018150480073','SCD-1003-4',60,2);
INSERT INTO calificaciones VALUES('2018150480724','SCD-1003-4',75,4);
INSERT INTO calificaciones VALUES('2018150480936','AEC-1034-5',96,2);
INSERT INTO calificaciones VALUES('2018150480900','AEC-1034-5',85,3);
INSERT INTO calificaciones VALUES('2018150480915','AEC-1034-5',79,6);
INSERT INTO calificaciones VALUES('2018150480945','AEC-1034-3',81,3);
INSERT INTO calificaciones VALUES('2018150480975','AEC-1034-3',86,1);
INSERT INTO calificaciones VALUES('2018150480969','AEC-1034-3',89,2);
INSERT INTO calificaciones VALUES('2018150480947','AEC-1034-2',70,3);
INSERT INTO calificaciones VALUES('2018150480930','AEC-1034-2',65,2);
INSERT INTO calificaciones VALUES('2018150480974','AEC-1034-2',93,4);
INSERT INTO calificaciones VALUES('2018150480985','AEC-1034-2',69,6);

			    
#Insercion de datos en la tabla preinscripcion                                                
INSERT INTO preinscripcion (folio, fecha, carrera_alterna1, carrera_alterna2, carrera_alterna3, id_persona, fotografia, escuela_procedencia, municipio_escuela, promedio) VALUES (55001, '//', pendiente, pendiente, pendiente, 01, imagen1.jpg, 'CBT Lic. MArio Colín Sánchez', 'Atlacomulco', '92-95');
INSERT INTO preinscripcion (folio, fecha, carrera_alterna1, carrera_alterna2, carrera_alterna3, id_persona, fotografia, escuela_procedencia, municipio_escuela, promedio) VALUES (55002, '//', pendiente, pendiente, pendiente, 02, imagen2.jpg, 'Escuela Preparatoria Oficial N.56', 'Jocotitlan', '88-91');
INSERT INTO preinscripcion (folio, fecha, carrera_alterna1, carrera_alterna2, carrera_alterna3, id_persona, fotografia, escuela_procedencia, municipio_escuela, promedio) VALUES (55003, '//', pendiente, pendiente, pendiente, 03, imagen3.jpg, 'CBT Dr. Maximiliano Ruiz Castañeda', 'Jocotitlá', '77-80');
INSERT INTO preinscripcion (folio, fecha, carrera_alterna1, carrera_alterna2, carrera_alterna3, id_persona, fotografia, escuela_procedencia, municipio_escuela, promedio) VALUES (55004, '//', pendiente, pendiente, pendiente, 04, imagen4.jpg, 'CECyTEM Plantel Ixtlahuaca', 'Ixtlahuaca', '94-97');
INSERT INTO preinscripcion (folio, fecha, carrera_alterna1, carrera_alterna2, carrera_alterna3, id_persona, fotografia, escuela_procedencia, municipio_escuela, promedio) VALUES (55005, '//', pendiente, pendiente, pendiente, 05, imagen5.jpg, 'Escuela Preparatoria Oficial No. 58', 'San Felipe Santiago', '73-76');
INSERT INTO preinscripcion (folio, fecha, carrera_alterna1, carrera_alterna2, carrera_alterna3, id_persona, fotografia, escuela_procedencia, municipio_escuela, promedio) VALUES (55006, '//', pendiente, pendiente, pendiente, 06, imagen6.jpg, 'Preparatoria Nueva Creación', 'San Bartolo Oxtotitlán', '93-96');
INSERT INTO preinscripcion (folio, fecha, carrera_alterna1, carrera_alterna2, carrera_alterna3, id_persona, fotografia, escuela_procedencia, municipio_escuela, promedio) VALUES (55007, '//', pendiente, pendiente, pendiente, 07, imagen7.jpg, 'ESCUELA PREPARATORIA OFICIAL NUM. 176', 'San Bartolo del Llano', '79-82');
INSERT INTO preinscripcion (folio, fecha, carrera_alterna1, carrera_alterna2, carrera_alterna3, id_persona, fotografia, escuela_procedencia, municipio_escuela, promedio) VALUES (55008, '//', pendiente, pendiente, pendiente, 08, imagen8.jpg, 'CECYTEM PLANTEL JIQUIPILCO', 'Jiquipilco', '80-83');
INSERT INTO preinscripcion (folio, fecha, carrera_alterna1, carrera_alterna2, carrera_alterna3, id_persona, fotografia, escuela_procedencia, municipio_escuela, promedio) VALUES (55009, '//', pendiente, pendiente, pendiente, 09, imagen9.jpg, 'Escuela Preparatoria Oficial No. 136', 'Ixtlahuaca', '84-87');
INSERT INTO preinscripcion (folio, fecha, carrera_alterna1, carrera_alterna2, carrera_alterna3, id_persona, fotografia, escuela_procedencia, municipio_escuela, promedio) VALUES (55010, '//', pendiente, pendiente, pendiente, 10, imagen10.jpg, 'Escuela Preparatoria Oficial Número 59', 'Ixtlahuaca', '87-90');
INSERT INTO preinscripcion (folio, fecha, carrera_alterna1, carrera_alterna2, carrera_alterna3, id_persona, fotografia, escuela_procedencia, municipio_escuela, promedio) VALUES (55011, '//', pendiente, pendiente, pendiente, 11, imagen11.jpg, 'Maestro Pedro León', 'Ixtlahuaca', '78-81');
INSERT INTO preinscripcion (folio, fecha, carrera_alterna1, carrera_alterna2, carrera_alterna3, id_persona, fotografia, escuela_procedencia, municipio_escuela, promedio) VALUES (55012, '//', pendiente, pendiente, pendiente, 12, imagen12.jpg, 'Centro de Estudios de Bachillerato #69', 'Ixtlahuaca', '90-93');
INSERT INTO preinscripcion (folio, fecha, carrera_alterna1, carrera_alterna2, carrera_alterna3, id_persona, fotografia, escuela_procedencia, municipio_escuela, promedio) VALUES (55013, '//', pendiente, pendiente, pendiente, 13, imagen13.jpg, 'Escuela Preparatoria Químico José Donaciano Morales', 'Ixtlahuaca', '95-98');
INSERT INTO preinscripcion (folio, fecha, carrera_alterna1, carrera_alterna2, carrera_alterna3, id_persona, fotografia, escuela_procedencia, municipio_escuela, promedio) VALUES (55014, '//', pendiente, pendiente, pendiente, 14, imagen14.jpg, 'Colegio Mexiquense de Educación Técnica Plantel Ixtlahuaca', 'Ixtlahuaca', '77-80');
INSERT INTO preinscripcion (folio, fecha, carrera_alterna1, carrera_alterna2, carrera_alterna3, id_persona, fotografia, escuela_procedencia, municipio_escuela, promedio) VALUES (55015, '//', pendiente, pendiente, pendiente, 15, imagen15.jpg, 'Escuela Preparatoria Oficial No. 071', 'Jiquipilco', '95-98');
INSERT INTO preinscripcion (folio, fecha, carrera_alterna1, carrera_alterna2, carrera_alterna3, id_persona, fotografia, escuela_procedencia, municipio_escuela, promedio) VALUES (55016, '//', pendiente, pendiente, pendiente, 16, imagen16.jpg, 'Preparatoria General No. EPO 172 ', 'Temoaya', '77-80');
INSERT INTO preinscripcion (folio, fecha, carrera_alterna1, carrera_alterna2, carrera_alterna3, id_persona, fotografia, escuela_procedencia, municipio_escuela, promedio) VALUES (55017, '//', pendiente, pendiente, pendiente, 17, imagen17.jpg, 'PREPARATORIA OFICIAL 292', 'Temoaya', '88-91');
INSERT INTO preinscripcion (folio, fecha, carrera_alterna1, carrera_alterna2, carrera_alterna3, id_persona, fotografia, escuela_procedencia, municipio_escuela, promedio) VALUES (55018, '//', pendiente, pendiente, pendiente, 18, imagen18.jpg, 'Escuela Preparatoria Oficial No. 303', 'Ixtlahuaca', '98-100');
INSERT INTO preinscripcion (folio, fecha, carrera_alterna1, carrera_alterna2, carrera_alterna3, id_persona, fotografia, escuela_procedencia, municipio_escuela, promedio) VALUES (55019, '//', pendiente, pendiente, pendiente, 19, imagen19.jpg, 'Preparatoria Regional de Villa Victoria', 'San Pedro del Rincon', '90-93');
INSERT INTO preinscripcion (folio, fecha, carrera_alterna1, carrera_alterna2, carrera_alterna3, id_persona, fotografia, escuela_procedencia, municipio_escuela, promedio) VALUES (55020, '//', pendiente, pendiente, pendiente, 20, imagen20.jpg, 'Escuela Preparatoria Oficial No. 303', 'Ixtlahuaca', '77-80');
INSERT INTO preinscripcion (folio, fecha, carrera_alterna1, carrera_alterna2, carrera_alterna3, id_persona, fotografia, escuela_procedencia, municipio_escuela, promedio) VALUES (55021, '//', pendiente, pendiente, pendiente, 21, imagen21.jpg, 'Escuela Preparatoria Oficial N.56', 'Jocotitlan', '70-73');
INSERT INTO preinscripcion (folio, fecha, carrera_alterna1, carrera_alterna2, carrera_alterna3, id_persona, fotografia, escuela_procedencia, municipio_escuela, promedio) VALUES (55022, '//', pendiente, pendiente, pendiente, 22, imagen22.jpg, 'CBT Dr. Maximiliano Ruiz Castañeda', 'Jocotitlá', '91-94');
INSERT INTO preinscripcion (folio, fecha, carrera_alterna1, carrera_alterna2, carrera_alterna3, id_persona, fotografia, escuela_procedencia, municipio_escuela, promedio) VALUES (55023, '//', pendiente, pendiente, pendiente, 23, imagen23.jpg, 'Preparatoria Nueva Creación', 'San Bartolo Oxtotitlán', '82-85');
INSERT INTO preinscripcion (folio, fecha, carrera_alterna1, carrera_alterna2, carrera_alterna3, id_persona, fotografia, escuela_procedencia, municipio_escuela, promedio) VALUES (55024, '//', pendiente, pendiente, pendiente, 24, imagen24.jpg, 'Centro de Estudios de Bachillerato #69', 'Ixtlahuaca', '88-91');
INSERT INTO preinscripcion (folio, fecha, carrera_alterna1, carrera_alterna2, carrera_alterna3, id_persona, fotografia, escuela_procedencia, municipio_escuela, promedio) VALUES (55025, '//', pendiente, pendiente, pendiente, 25, imagen25.jpg, 'Escuela Preparatoria Oficial No. 303', 'Ixtlahuaca' '80-83');
INSERT INTO preinscripcion (folio, fecha, carrera_alterna1, carrera_alterna2, carrera_alterna3, id_persona, fotografia, escuela_procedencia, municipio_escuela, promedio) VALUES (55026, '//', pendiente, pendiente, pendiente, 26, imagen26.jpg, 'CBT Lic. MArio Colín Sánchez', 'Atlacomulco', '99-100');
INSERT INTO preinscripcion (folio, fecha, carrera_alterna1, carrera_alterna2, carrera_alterna3, id_persona, fotografia, escuela_procedencia, municipio_escuela, promedio) VALUES (55027, '//', pendiente, pendiente, pendiente, 27, imagen27.jpg, 'Maestro Pedro León', 'Ixtlahuaca', '76-79');
INSERT INTO preinscripcion (folio, fecha, carrera_alterna1, carrera_alterna2, carrera_alterna3, id_persona, fotografia, escuela_procedencia, municipio_escuela, promedio) VALUES (55028, '//', pendiente, pendiente, pendiente, 28, imagen28.jpg, 'Escuela Preparatoria Químico José Donaciano Morales', 'Ixtlahuaca', '85-88');
INSERT INTO preinscripcion (folio, fecha, carrera_alterna1, carrera_alterna2, carrera_alterna3, id_persona, fotografia, escuela_procedencia, municipio_escuela, promedio) VALUES (55029, '//', pendiente, pendiente, pendiente, 29, imagen29.jpg, 'Preparatoria General No. EPO 172 ', 'Temoaya', '71-74');
INSERT INTO preinscripcion (folio, fecha, carrera_alterna1, carrera_alterna2, carrera_alterna3, id_persona, fotografia, escuela_procedencia, municipio_escuela, promedio) VALUES (55030, '//', pendiente, pendiente, pendiente, 30, imagen30.jpg, 'Colegio Mexiquense de Educación Técnica Plantel Ixtlahuaca', 'Ixtlahuaca', '94-97');
#Insercion resultados examen
INSERT INTO Resultado VALUES (	1000001,	'APROBADO'	,1000,	55001,	90);
INSERT INTO Resultado VALUES (	1000002,	'RECHAZADO'	,1001,	55002,	40);
INSERT INTO Resultado VALUES (	1000003,	'RECHAZADO'	,1002,	55003,	22);
INSERT INTO Resultado VALUES (	1000004,	'APROBADO'	,1003,	55004,	110);
INSERT INTO Resultado VALUES (	1000005,	'RECHAZADO'	,1004,	55005,	24);
INSERT INTO Resultado VALUES (	1000006,	'RECHAZADO'	,1005,	55006,	78);
INSERT INTO Resultado VALUES (	1000007,	'RECHAZADO'	,1006,	55007,	10);
INSERT INTO Resultado VALUES (	1000008,	'APROBADO'	,1007,	55008,	85);
INSERT INTO Resultado VALUES (	1000009,	'APROBADO'	,1008,	55009,	89);
INSERT INTO Resultado VALUES (	1000010,	'RECHAZADO'	,1009,	55010,	36);
INSERT INTO Resultado VALUES (	1000011,	'APROBADO'	,1010,	55011,	95);
INSERT INTO Resultado VALUES (	1000012,	'APROBADO'	,1011,	55012,	91);
INSERT INTO Resultado VALUES (	1000013,	'APROBADO'	,1012,	55013,	120);
INSERT INTO Resultado VALUES (	1000014,	'APROBADO'	,1013,	55014,	115);
INSERT INTO Resultado VALUES (	1000015,	'APROBADO'	,1014,	55015,	94);
INSERT INTO Resultado VALUES (	1000016,	'RECHAZADO'	,1015,	55016,	77);
INSERT INTO Resultado VALUES (	1000017,	'RECHAZADO'	,1016,	55017,	50);
INSERT INTO Resultado VALUES (	1000018,	'RECHAZADO'	,1017,	55018,	48);
INSERT INTO Resultado VALUES (	1000019,	'RECHAZADO'	,1018,	55019,	69);
INSERT INTO Resultado VALUES (	1000020,	'APROBADO'	,1019,	55020,	87);
INSERT INTO Resultado VALUES (	1000021,	'RECHAZADO'	,1020,	55021,	73);
INSERT INTO Resultado VALUES (	1000022,	'RECHAZADO'	,1021,	55022,	79);
INSERT INTO Resultado VALUES (	1000023,	'APROBADO'	,1022,	55023,	83);
INSERT INTO Resultado VALUES (	1000024,	'APROBADO'	,1023,	55024,	105);
INSERT INTO Resultado VALUES (	1000025,	'APROBADO'	,1024,	55025,	109);
INSERT INTO Resultado VALUES (	1000026,	'APROBADO'	,1025,	55026,	90);
INSERT INTO Resultado VALUES (	1000027,	'RECHAZADO'	,1026,	55027,	78);
INSERT INTO Resultado VALUES (	1000028,	'APROBADO'	,1027,	55028,	88);
INSERT INTO Resultado VALUES (	1000029,	'APROBADO'	,1028,	55029,	87);
INSERT INTO Resultado VALUES (	1000030,	'RECHAZADO'	,1029,	55030,	57);

			    
#Incercion en tabla constancias
insert into constancia values(8500,'02/02/2020','2018150480052',9600,13000);
insert into constancia values(8501,'09/01/2020','2018150480053',9600,13001);
insert into constancia values(8502,'19/11/2020','2018150480054',9600,13002);
insert into constancia values(8503,'22/09/2020','2018150480055',9600,13003);
insert into constancia values(8504,'25/06/2020','2018150480056',9600,13004);
insert into constancia values(8505,'06/04/2020','2018150480057',9601,13005);
insert into constancia values(8506,'16/03/2020','2018150480058',9601,13006);
insert into constancia values(8507,'30/10/2020','2018150480059',9601,13007);
insert into constancia values(8508,'25/07/2020','2018150480060',9601,13008);
insert into constancia values(8509,'02/08/2020','2018150480061',9601,13009);

insert into constancia values(8510,'23/02/2020','2018150480195',9602,13010);
insert into constancia values(8511,'11/04/2020','2018150480034',9602,13011);
insert into constancia values(8512,'05/12/2020','2018150480572',9602,13012);
insert into constancia values(8513,'10/10/2020','2018150480246',9602,13013);
insert into constancia values(8514,'15/05/2020','2018150480125',9602,13014);
insert into constancia values(8515,'21/08/2020','2018150480873',9603,13015);
insert into constancia values(8516,'03/04/2020','2018150480164',9603,13016);
insert into constancia values(8517,'26/06/2020','2018150480073',9603,13017);
insert into constancia values(8518,'09/07/2020','2018150480724',9603,13018);
insert into constancia values(8519,'13/12/2020','2018150480936',9603,13019);

insert into constancia values(8520,'07/10/2020','2018150480900',9604,13020);
insert into constancia values(8521,'14/03/2020','2018150480915',9604,13021);
insert into constancia values(8522,'01/08/2020','2018150480945',9604,13022);
insert into constancia values(8523,'27/06/2020','2018150480975',9604,13023);
insert into constancia values(8524,'12/05/2020','2018150480969',9604,13024);
insert into constancia values(8525,'13/11/2020','2018150480900',9605,13025);
insert into constancia values(8526,'05/02/2020','2018150480915',9605,13026);
insert into constancia values(8527,'18/12/2020','2018150480945',9605,13027);
insert into constancia values(8528,'01/09/2020','2018150480975',9605,13028);
insert into constancia values(8529,'17/01/2020','2018150480969',9605,13029);    
 #Incercion tabla tipo
insert into tipo values(9600,'Constancia de estudios','Especifica el semestre y carrera actualmente cursada',40);
insert into tipo values(9601,'Constancia de estudios con promedio general','Especifica el promedio de todos los semestres cursados',40);
insert into tipo values(9602,'Constancia de estudios con promedio del semestre inmediato anterior','Especifica el promerio del semestre anterior',40);
insert into tipo values(9603,'Constancia de estudios con calificaciones del semestre inmediato anterior','Especifica las calificaciones por materia del semestre anterior',40);
insert into tipo values(9604,'Historial Académico (Kardex)','Especifica las calificaciones de las materias de todos los semestres anteriores',40);
insert into tipo values(9605,'Boleta','Especifica las calificaicones por unidad de las materias del semestre terminado',40);
# Registros tipo_certificado
INSERT INTO tipo VALUES(9606,'CERTIFICADO DE ESTUDIOS TOTAL','Documento de calificaciones certifacada',821);
INSERT INTO tipo VALUES(9607,'CERTIFICADO DE ESTUDIOS PARCIAL','Documento de calificaciones certifacada',409);
                        
 #insersion de datos en tabla grupo EN ORACLE       
INSERT INTO GRUPO VALUES (101,'A','LZ-301',PENDIENTE);
INSERT INTO GRUPO VALUES (102,'A','LZ-302',PENDIENTE);
INSERT INTO GRUPO VALUES (103,'A','LZ-303',PENDIENTE);
INSERT INTO GRUPO VALUES (104,'A','LZ-304',PENDIENTE);
INSERT INTO GRUPO VALUES (105,'A','LZ-305',PENDIENTE);

INSERT INTO GRUPO VALUES (106,'B','IC-101',PENDIENTE);
INSERT INTO GRUPO VALUES (107,'B','IC-102',PENDIENTE);
INSERT INTO GRUPO VALUES (108,'B','IC-103',PENDIENTE);
INSERT INTO GRUPO VALUES (109,'B','IC-104',PENDIENTE);
INSERT INTO GRUPO VALUES (110,'B','IC-105',PENDIENTE);

INSERT INTO GRUPO VALUES (111,'C','IM-701',PENDIENTE);
INSERT INTO GRUPO VALUES (112,'C','IM-702',PENDIENTE);
INSERT INTO GRUPO VALUES (113,'C','IM-703',PENDIENTE);
INSERT INTO GRUPO VALUES (114,'C','IM-704',PENDIENTE);
INSERT INTO GRUPO VALUES (115,'C','IM-705',PENDIENTE);

INSERT INTO GRUPO VALUES (116,'D','IF-501',PENDIENTE);
INSERT INTO GRUPO VALUES (117,'D','IF-502',PENDIENTE);
INSERT INTO GRUPO VALUES (118,'D','IF-503',PENDIENTE);
INSERT INTO GRUPO VALUES (119,'D','IF-504',PENDIENTE);
INSERT INTO GRUPO VALUES (120,'D','IF-505',PENDIENTE);

INSERT INTO GRUPO VALUES (121,'E','AI-601',PENDIENTE);
INSERT INTO GRUPO VALUES (122,'E','AI-602',PENDIENTE);
INSERT INTO GRUPO VALUES (123,'E','AI-603',PENDIENTE);
INSERT INTO GRUPO VALUES (124,'E','AI-604',PENDIENTE);
INSERT INTO GRUPO VALUES (125,'E','AI-605',PENDIENTE);

INSERT INTO GRUPO VALUES (126,'F','L0-201',PENDIENTE);
INSERT INTO GRUPO VALUES (127,'F','L0-202',PENDIENTE);
INSERT INTO GRUPO VALUES (128,'F','L0-203',PENDIENTE);
INSERT INTO GRUPO VALUES (129,'F','L0-204',PENDIENTE);
INSERT INTO GRUPO VALUES (130,'F','L0-205',PENDIENTE);
                            
                            
#Insersion de datos a tabla examen en ORACLE
INSERT INTO EXAMEN VALUES (1000,'14:23','25/11/2020','TESJo',12001,55001);
INSERT INTO EXAMEN VALUES (1001,'12:32','01/02/2021','TESJo',12002,55002);
INSERT INTO EXAMEN VALUES (1002,'10:21','03/02/2021','TESJo',12003,55003);
INSERT INTO EXAMEN VALUES (1003,'11:23','25/11/2021','TESJo',12004,55004);
INSERT INTO EXAMEN VALUES (1004,'21:32','25/11/2021','TESJo',12005,55005);
INSERT INTO EXAMEN VALUES (1005,'13:51','25/11/2021','TESJo',12006,55006);
INSERT INTO EXAMEN VALUES (1006,'19:55','25/11/2021','TESJo',12007,55007);
INSERT INTO EXAMEN VALUES (1007,'17:42','25/11/2021','TESJo',12008,55008);
INSERT INTO EXAMEN VALUES (1008,'07:21','25/11/2021','TESJo',12009,55009);
INSERT INTO EXAMEN VALUES (1009,'07:21','25/11/2021','TESJo',12010,55010);
INSERT INTO EXAMEN VALUES (1010,'24:10','25/11/2021','TESJo',12011,55011);
INSERT INTO EXAMEN VALUES (1011,'11:54','25/11/2021','TESJo',12012,55012);
INSERT INTO EXAMEN VALUES (1012,'21:45','25/11/2021','TESJo',12013,55013);
INSERT INTO EXAMEN VALUES (1013,'22:34','25/11/2021','TESJo',12014,55014);
INSERT INTO EXAMEN VALUES (1014,'20:14','25/11/2021','TESJo',12015,55015);
INSERT INTO EXAMEN VALUES (1015,'12:53','25/11/2021','TESJo',12016,55016);
INSERT INTO EXAMEN VALUES (1016,'08:23','25/11/2021','TESJo',12017,55017);
INSERT INTO EXAMEN VALUES (1017,'09:54','25/11/2021','TESJo',12018,55018);
INSERT INTO EXAMEN VALUES (1018,'21:46','25/11/2021','TESJo',12019,55019);
INSERT INTO EXAMEN VALUES (1019,'22:31','25/11/2021','TESJo',12020,55020);
INSERT INTO EXAMEN VALUES (1020,'23:59','25/11/2021','TESJo',12021,55021);
INSERT INTO EXAMEN VALUES (1021,'13:56','25/11/2021','TESJo',12022,55022);
INSERT INTO EXAMEN VALUES (1022,'16:40','25/11/2021','TESJo',12023,55023);
INSERT INTO EXAMEN VALUES (1023,'10:22','25/11/2021','TESJo',12024,55024);
INSERT INTO EXAMEN VALUES (1024,'19:12','25/11/2021','TESJo',12025,55025);
INSERT INTO EXAMEN VALUES (1025,'20:11','25/11/2021','TESJo',12026,55026);
INSERT INTO EXAMEN VALUES (1026,'18:47','25/11/2021','TESJo',12027,55027);
INSERT INTO EXAMEN VALUES (1027,'08:21','25/11/2021','TESJo',12028,55028);
INSERT INTO EXAMEN VALUES (1028,'12:54','25/11/2021','TESJo',12029,55029);
INSERT INTO EXAMEN VALUES (1029,'07:13','25/11/2021','TESJo',12030,55030);
                           
                            
# Registros de la Tabla PAGOS
INSERT INTO PAGOS VALUES (11001, '970000219016255724543393201', 'Inscripción', 3055);
INSERT INTO PAGOS VALUES (11002, '970000219016255724543393202', 'Inscripción', 3055);
INSERT INTO PAGOS VALUES (11003, '970000219016255724543393203', 'Inscripción', 3055);
INSERT INTO PAGOS VALUES (11004, '970000219016255724543393204', 'Inscripción', 3055);
INSERT INTO PAGOS VALUES (11005, '970000219016255724543393205', 'Inscripción', 3055);
INSERT INTO PAGOS VALUES (11006, '970000219016255724543393206', 'Inscripción', 3055);
INSERT INTO PAGOS VALUES (11007, '970000219016255724543393207', 'Inscripción', 3055);
INSERT INTO PAGOS VALUES (11008, '970000219016255724543393208', 'Inscripción', 3055);
INSERT INTO PAGOS VALUES (11009, '970000219016255724543393209', 'Inscripción', 3055);
INSERT INTO PAGOS VALUES (11010, '970000219016255724543393210', 'Inscripción', 3055);
INSERT INTO PAGOS VALUES (11011, '970000219016255724543393211', 'Inscripción', 3055);
INSERT INTO PAGOS VALUES (11012, '970000219016255724543393212', 'Inscripción', 3055);
INSERT INTO PAGOS VALUES (11013, '970000219016255724543393213', 'Inscripción', 3055);
INSERT INTO PAGOS VALUES (11014, '970000219016255724543393214', 'Inscripción', 3055);
INSERT INTO PAGOS VALUES (11015, '970000219016255724543393215', 'Inscripción', 3055);
INSERT INTO PAGOS VALUES (11016, '970000219016255724543393216', 'Inscripción', 3055);
INSERT INTO PAGOS VALUES (11017, '970000219016255724543393217', 'Inscripción', 3055);
INSERT INTO PAGOS VALUES (11018, '970000219016255724543393218', 'Inscripción', 3055);
INSERT INTO PAGOS VALUES (11019, '970000219016255724543393219', 'Inscripción', 3055);
INSERT INTO PAGOS VALUES (11020, '970000219016255724543393220', 'Inscripción', 3055);
INSERT INTO PAGOS VALUES (11021, '970000219016255724543393221', 'Inscripción', 3055);
INSERT INTO PAGOS VALUES (11022, '970000219016255724543393222', 'Inscripción', 3055);
INSERT INTO PAGOS VALUES (11023, '970000219016255724543393223', 'Inscripción', 3055);
INSERT INTO PAGOS VALUES (11024, '970000219016255724543393224', 'Inscripción', 3055);
INSERT INTO PAGOS VALUES (11025, '970000219016255724543393225', 'Inscripción', 3055);
INSERT INTO PAGOS VALUES (11026, '970000219016255724543393226', 'Inscripción', 3055);
INSERT INTO PAGOS VALUES (11027, '970000219016255724543393227', 'Inscripción', 3055);
INSERT INTO PAGOS VALUES (11028, '970000219016255724543393228', 'Inscripción', 3055);
INSERT INTO PAGOS VALUES (11029, '970000219016255724543393229', 'Inscripción', 3055);
INSERT INTO PAGOS VALUES (11030, '970000219016255724543393230', 'Inscripción', 3055);

			    
#Pagos constancias
INSERT INTO PAGOS VALUES (18000, '970000219016255724543393900', 'Constancia', 40);
INSERT INTO PAGOS VALUES (18001, '970000219016255724543393901', 'Constancia', 40);
INSERT INTO PAGOS VALUES (18002, '970000219016255724543393902', 'Constancia', 40);
INSERT INTO PAGOS VALUES (18003, '970000219016255724543393903', 'Constancia', 40);
INSERT INTO PAGOS VALUES (18004, '970000219016255724543393904', 'Constancia', 40);
INSERT INTO PAGOS VALUES (18005, '970000219016255724543393905', 'Constancia', 40);
INSERT INTO PAGOS VALUES (18006, '970000219016255724543393906', 'Constancia', 40);
INSERT INTO PAGOS VALUES (18007, '970000219016255724543393907', 'Constancia', 40);
INSERT INTO PAGOS VALUES (18008, '970000219016255724543393908', 'Constancia', 40);
INSERT INTO PAGOS VALUES (18009, '970000219016255724543393909', 'Constancia', 40);


INSERT INTO PAGOS VALUES (18010, '970000219016255724543393910', 'Constancia', 40);
INSERT INTO PAGOS VALUES (18011, '970000219016255724543393911', 'Constancia', 40);
INSERT INTO PAGOS VALUES (18012, '970000219016255724543393912', 'Constancia', 40);
INSERT INTO PAGOS VALUES (18013, '970000219016255724543393913', 'Constancia', 40);
INSERT INTO PAGOS VALUES (18014, '970000219016255724543393914', 'Constancia', 40);
INSERT INTO PAGOS VALUES (18015, '970000219016255724543393915', 'Constancia', 40);
INSERT INTO PAGOS VALUES (18016, '970000219016255724543393916', 'Constancia', 40);
INSERT INTO PAGOS VALUES (18017, '970000219016255724543393917', 'Constancia', 40);
INSERT INTO PAGOS VALUES (18018, '970000219016255724543393918', 'Constancia', 40);
INSERT INTO PAGOS VALUES (18019, '970000219016255724543393919', 'Constancia', 40);

INSERT INTO PAGOS VALUES (18020, '970000219016255724543393920', 'Constancia', 40);
INSERT INTO PAGOS VALUES (18021, '970000219016255724543393921', 'Constancia', 40);
INSERT INTO PAGOS VALUES (18022, '970000219016255724543393922', 'Constancia', 40);
INSERT INTO PAGOS VALUES (18023, '970000219016255724543393923', 'Constancia', 40);
INSERT INTO PAGOS VALUES (18024, '970000219016255724543393924', 'Constancia', 40);
INSERT INTO PAGOS VALUES (18025, '970000219016255724543393925', 'Constancia', 40);
INSERT INTO PAGOS VALUES (18026, '970000219016255724543393926', 'Constancia', 40);
INSERT INTO PAGOS VALUES (18027, '970000219016255724543393927', 'Constancia', 40);
INSERT INTO PAGOS VALUES (18028, '970000219016255724543393928', 'Constancia', 40);
INSERT INTO PAGOS VALUES (18029, '970000219016255724543393929', 'Constancia', 40);

#pagos de certificados
INSERT INTO pagos VALUES(14001,'970000219016563152944311721','CERTIFICADO DE ESTUDIOS TOTAL',821);
INSERT INTO pagos VALUES(14002,'970000219016563152944311722','CERTIFICADO DE ESTUDIOS TOTAL',821);
INSERT INTO pagos VALUES(14003,'970000219016563152944311723','CERTIFICADO DE ESTUDIOS TOTAL',821);
INSERT INTO pagos VALUES(14004,'970000219016563152944311724','CERTIFICADO DE ESTUDIOS TOTAL',821);
INSERT INTO pagos VALUES(14005,'970000219016563152944311725','CERTIFICADO DE ESTUDIOS TOTAL',821);
INSERT INTO pagos VALUES(14006,'970000219016563152944311726','CERTIFICADO DE ESTUDIOS PARCIAL',409);
INSERT INTO pagos VALUES(14007,'970000219016563152944311727','CERTIFICADO DE ESTUDIOS PARCIAL',409);
INSERT INTO pagos VALUES(14008,'970000219016563152944311728','CERTIFICADO DE ESTUDIOS PARCIAL',409);
INSERT INTO pagos VALUES(14009,'970000219016563152944311729','CERTIFICADO DE ESTUDIOS PARCIAL',409);
INSERT INTO pagos VALUES(14010,'970000219016563152944311730','CERTIFICADO DE ESTUDIOS PARCIAL',409);
                            
INSERT INTO pagos VALUES(14020, '970000219016563152944311701','CERTIFICADO DE ESTUDIOS TOTAL', 821);
INSERT INTO pagos VALUES(14011, '970000219016563152944311702','CERTIFICADO DE ESTUDIOS PARCIAL', 409);
INSERT INTO pagos VALUES(14012, '970000219016563152944311703','CERTIFICADO DE ESTUDIOS TOTAL', 821);
INSERT INTO pagos VALUES(14013, '970000219016563152944311704','CERTIFICADO DE ESTUDIOS PARCIAL' , 409);
INSERT INTO pagos VALUES(14014, '970000219016563152944311705','CERTIFICADO DE ESTUDIOS TOTAL' , 821);
INSERT INTO pagos VALUES(14015, '970000219016563152944311706','CERTIFICADO DE ESTUDIOS PARCIAL', 409);
INSERT INTO pagos VALUES(14016, '970000219016563152944311707','CERTIFICADO DE ESTUDIOS TOTAL', 821);
INSERT INTO pagos VALUES(14018, '970000219016563152944311708','CERTIFICADO DE ESTUDIOS PARCIAL', 409);
INSERT INTO pagos VALUES(14017, '970000219016563152944311709','CERTIFICADO DE ESTUDIOS TOTAL', 821);
INSERT INTO pagos VALUES(14019, '970000219016563152944311710','CERTIFICADO DE ESTUDIOS PARCIAL', 409);

INSERT INTO pagos VALUES(14030, '970000219016563152944311711','CERTIFICADO DE ESTUDIOS PARCIAL', 409);
INSERT INTO pagos VALUES(14021, '970000219016563152944311712','CERTIFICADO DE ESTUDIOS TOTAL', 821);
INSERT INTO pagos VALUES(14022, '970000219016563152944311713','CERTIFICADO DE ESTUDIOS PARCIAL', 409);
INSERT INTO pagos VALUES(14023, '970000219016563152944311714','CERTIFICADO DE ESTUDIOS TOTAL', 821);
INSERT INTO pagos VALUES(14024, '970000219016563152944311715','CERTIFICADO DE ESTUDIOS PARCIAL',409);
INSERT INTO pagos VALUES(14025, '970000219016563152944311716','CERTIFICADO DE ESTUDIOS TOTAL' , 821);
INSERT INTO pagos VALUES(14026, '970000219016563152944311717','CERTIFICADO DE ESTUDIOS PARCIAL', 409);
INSERT INTO pagos VALUES(14027, '970000219016563152944311718','CERTIFICADO DE ESTUDIOS TOTAL', 821);
INSERT INTO pagos VALUES(14028, '970000219016563152944311719','CERTIFICADO DE ESTUDIOS PARCIAL', 409);
INSERT INTO pagos VALUES(14029, '970000219016563152944311720','CERTIFICADO DE ESTUDIOS TOTAL', 821);
			    
INSERT INTO PAGOS VALUES (20001, '970000219016255724543393231', 'Recursamiento por Creditos', 79);
INSERT INTO PAGOS VALUES (20002, '970000219016255724543393232', 'Recursamiento por Creditos', 79);
INSERT INTO PAGOS VALUES (20003, '970000219016255724543393233', 'Recursamiento por Creditos', 79);
INSERT INTO PAGOS VALUES (20004, '970000219016255724543393234', 'Recursamiento por Creditos', 79);
INSERT INTO PAGOS VALUES (20005, '970000219016255724543393235', 'Recursamiento por Creditos', 79);
INSERT INTO PAGOS VALUES (20006, '970000219016255724543393236', 'Recursamiento por Creditos', 79);
INSERT INTO PAGOS VALUES (20007, '970000219016255724543393237', 'Recursamiento por Creditos', 79);
INSERT INTO PAGOS VALUES (20008, '970000219016255724543393238', 'Recursamiento por Creditos', 79);
INSERT INTO PAGOS VALUES (20009, '970000219016255724543393239', 'Recursamiento por Creditos', 79);
INSERT INTO PAGOS VALUES (20010, '970000219016255724543393240', 'Recursamiento por Creditos', 79);

INSERT INTO PAGOS VALUES (40001, '970000219016255724543393241', 'CURSO ESPECIAL', 79);
INSERT INTO PAGOS VALUES (40002, '970000219016255724543393242', 'CURSO ESPECIAL', 79);
INSERT INTO PAGOS VALUES (40003, '970000219016255724543393243', 'CURSO ESPECIAL', 79);
INSERT INTO PAGOS VALUES (40004, '970000219016255724543393244', 'CURSO ESPECIAL', 79);

INSERT INTO PAGOS VALUES ( 30001 , '970000219016255724543393251' , 'PAGO SEGURO' , 99);
INSERT INTO PAGOS VALUES ( 30002 , '970000219016255724543393252' , 'PAGO SEGURO' , 99);
INSERT INTO PAGOS VALUES ( 30003 , '970000219016255724543393253' , 'PAGO SEGURO' , 99);
INSERT INTO PAGOS VALUES ( 30004 , '970000219016255724543393254' , 'PAGO SEGURO' , 99);
INSERT INTO PAGOS VALUES ( 30005 , '970000219016255724543393255' , 'PAGO SEGURO' , 99);
INSERT INTO PAGOS VALUES ( 30006 , '970000219016255724543393256' , 'PAGO SEGURO' , 99);
INSERT INTO PAGOS VALUES ( 30007 , '970000219016255724543393257' , 'PAGO SEGURO' , 99);
INSERT INTO PAGOS VALUES ( 30008 , '970000219016255724543393258' , 'PAGO SEGURO' , 99);
INSERT INTO PAGOS VALUES ( 30009 , '970000219016255724543393259' , 'PAGO SEGURO' , 99);
INSERT INTO PAGOS VALUES ( 30010 , '970000219016255724543393260' , 'PAGO SEGURO' , 99);
INSERT INTO PAGOS VALUES ( 30011 , '970000219016255724543393261' , 'PAGO SEGURO' , 99);
INSERT INTO PAGOS VALUES ( 30012 , '970000219016255724543393262' , 'PAGO SEGURO' , 99);
INSERT INTO PAGOS VALUES ( 30013 , '970000219016255724543393263' , 'PAGO SEGURO' , 99);
INSERT INTO PAGOS VALUES ( 30014 , '970000219016255724543393264' , 'PAGO SEGURO' , 99);
INSERT INTO PAGOS VALUES ( 30015 , '970000219016255724543393265' , 'PAGO SEGURO' , 99);
INSERT INTO PAGOS VALUES ( 30016 , '970000219016255724543393266' , 'PAGO SEGURO' , 99);
INSERT INTO PAGOS VALUES ( 30017 , '970000219016255724543393267' , 'PAGO SEGURO' , 99);
INSERT INTO PAGOS VALUES ( 30018 , '970000219016255724543393268' , 'PAGO SEGURO' , 99);
INSERT INTO PAGOS VALUES ( 30019 , '970000219016255724543393269' , 'PAGO SEGURO' , 99);
INSERT INTO PAGOS VALUES ( 30020 , '970000219016255724543393270' , 'PAGO SEGURO' , 99);
INSERT INTO PAGOS VALUES ( 30021 , '970000219016255724543393271' , 'PAGO SEGURO' , 99);
INSERT INTO PAGOS VALUES ( 30022 , '970000219016255724543393272' , 'PAGO SEGURO' , 99);
INSERT INTO PAGOS VALUES ( 30023 , '970000219016255724543393273' , 'PAGO SEGURO' , 99);
INSERT INTO PAGOS VALUES ( 30024 , '970000219016255724543393274' , 'PAGO SEGURO' , 99);
INSERT INTO PAGOS VALUES ( 30025 , '970000219016255724543393275' , 'PAGO SEGURO' , 99);
INSERT INTO PAGOS VALUES ( 30026 , '970000219016255724543393276' , 'PAGO SEGURO' , 99);
INSERT INTO PAGOS VALUES ( 30027 , '970000219016255724543393277' , 'PAGO SEGURO' , 99);
INSERT INTO PAGOS VALUES ( 30028 , '970000219016255724543393278' , 'PAGO SEGURO' , 99);
INSERT INTO PAGOS VALUES ( 30029 , '970000219016255724543393279' , 'PAGO SEGURO' , 99);
INSERT INTO PAGOS VALUES ( 30030 , '970000219016255724543393280' , 'PAGO SEGURO' , 99); 	    		    
			    
			    
#INSERT INTO PAGOS VALUES (11030, '970000219016255724543393230', 'Inscripción', 3055);
#			    
#INSERT INTO PAGOS VALUES (12001, '970000219016255724543393300', 'Derecho a Examen', 645);
#
#INSERT INTO PAGOS VALUES (13001, '970000219016255724543393400', 'Inscripción Licenciatura', 3635);
#
#INSERT INTO PAGOS VALUES (14001, '970000219016255724543393500', 'Recursamiento por Creditos', 79);
# Tipos de Pagos
# INSERT INTO PAGOS VALUES (150XX, '9700002190162557245433932XX', 'Derecho a Examen', 645);
# INSERT INTO PAGOS VALUES (160XX, '9700002190162557245433932XX', 'Certificado de Estudios Parcial', 409);
# INSERT INTO PAGOS VALUES (170XX, '9700002190162557245433932XX', 'Certificado de Estudios Total', 821);
# INSERT INTO PAGOS VALUES (180XX, '9700002190162557245433932XX', 'Constancia', 40);
# INSERT INTO PAGOS VALUES (190XX, '9700002190162557245433932XX', 'Inscripción Licenciatura', 3635);
# INSERT INTO PAGOS VALUES (200XX, '9700002190162557245433932XX', 'Recursamiento por Creditos', 79);
# INSERT INTO PAGOS VALUES (210XX, '9700002190162557245433932XX', 'Recursamiento por Creditos - Curso Especial', 79);
# INSERT INTO PAGOS VALUES (220XX, '9700002190162557245433932XX', 'Seguro contra Accidentes', 102);


		#DATOS DE DOCENTE EN ORACLE
INSERT INTO DOCENTE VALUES (001,'15487592','ESPECIALIDAD', 'INFORMATICA Y TELECOMUNICACIONES','78495623185',31);
INSERT INTO DOCENTE VALUES (002,'78459621','ESPECIALIDAD','EN DESARROLLO DE SOFTWARE','98784512360',32);
INSERT INTO DOCENTE VALUES (003,'96584589','MAESTRIA','EN COMPUTACION PARA LA DOCENCIA','77448512201',33);
INSERT INTO DOCENTE VALUES (004,'12345678','MAESTRIA','EN IFORMATICA EDUCATIVA','89745621151',34);
INSERT INTO DOCENTE VALUES (005,'10000012','MAESTRIA','INGENIERIA ELECTRONICA','89547823101',35);
INSERT INTO DOCENTE VALUES (006,'15874695','MAESTRIA','EN ARQUITECTURA DE TECNOLOGIAS DE INFORMACION','55894701236',36);
INSERT INTO DOCENTE VALUES (007,'10002459','ESPECIALIDAD','EN DESARROLLO DE BASE DE DATOS','11202584796',37);
INSERT INTO DOCENTE VALUES (008,'87654321','MAESTRIA','EN ROBOTICA','96100125841',38);
INSERT INTO DOCENTE VALUES (009,'78965412','ESPECIALIDAD','EN COMUNICACIONES','778945896325',39);
INSERT INTO DOCENTE VALUES (010,'14785236','MAESTRIA','EN BIOMEDICA','77458912581',40);
INSERT INTO DOCENTE VALUES (011,'36985214','ESPECIALIDAD',' EN DERECHO FISCAL','01122548101',41);
INSERT INTO DOCENTE VALUES (012,'75395146','MAESTRIA','EN DIRECCION DE MARKETING','33251226354',42);
INSERT INTO DOCENTE VALUES (013,'85214639','ESPECIALIDAD','EN ARQUITECTURA DE TECNOLOGIAS DE INFORMACION','99548741250',43);
INSERT INTO DOCENTE VALUES (014,'78965432','LICENCIATURA','EN DIRECCION DE MARKETING','56211548784',44);
INSERT INTO DOCENTE VALUES (015,'12987436','MAESTRIA','EN DIRECCION FINANCIERA','22365224721',45);
INSERT INTO DOCENTE VALUES (016,'45632789','MAESTRIA','EN MARKETING DIGITAL Y COMERCIO DIGITAL','15141312110',46);
INSERT INTO DOCENTE VALUES (017,'78964521','ESPECIALIDAD','EN ARQUITECTURA DE TECNOLOGIAS DE INFORMACION','69968748581',47);
INSERT INTO DOCENTE VALUES (018,'78549632','MAESTRIA','EN FINANZAS ESTRATEGICAS','15514785874',48);
INSERT INTO DOCENTE VALUES (019,'14598745','MAESTRIA','EN ROBOTICA','77877845797',49);
INSERT INTO DOCENTE VALUES (020,'78965412','ESPECIALIDAD','EN COMPUTACION PARA LA DOCENCIA','18154878891',50);
INSERT INTO DOCENTE VALUES (021,'12003266','DOCTORADO','EN CIENCIA DE LOS NANOMATERIALES','78475717271',51);
INSERT INTO DOCENTE VALUES (022,'22115501','ESPECIALIDAD','EN ROBOTICA','96895847125',52);
INSERT INTO DOCENTE VALUES (023,'00000111','MAESTRIA','EN CIENCIA DE LOS NANOMATERIALES','154879581241',53);
INSERT INTO DOCENTE VALUES (024,'99884520','ESPECIALIDAD','EN DERECHO FISCAL','65897415820',54);
INSERT INTO DOCENTE VALUES (025,'10002547','DOCTORADO','INFORMATICA Y TELECOMUNICACIONES','03154875218',55);
INSERT INTO DOCENTE VALUES (026,'15789645','MAESTRIA','EN QUIMICA DE LOS MATERIALES','15584730201',56);
INSERT INTO DOCENTE VALUES (027,'15874695','ESPECIALIDAD','EN DESARROLLO DE BASE DE DATOS','87494895281',57);
INSERT INTO DOCENTE VALUES (028,'03265874','ESPECIALIDAD','EN DESARROLLO DE BASE DE DATOS','78495821474',58);
INSERT INTO DOCENTE VALUES (029,'78965412','ESPECIALIDAD','EN DERECHO FISCAL','12564789361',59);
INSERT INTO DOCENTE VALUES (030,'17435812','MAESTRIA','EN FISICA Y CIENCIA DE LOS MATERIALES','52142536102',60);

#Registros certificados	
INSERT INTO certificados VALUES('C1','2018150480052',9606,14001);
INSERT INTO certificados VALUES('C2','2018150480053',9606,14002);
INSERT INTO certificados VALUES('C3','2018150480054',9606,14003);
INSERT INTO certificados VALUES('C4','2018150480055',9606,14004);
INSERT INTO certificados VALUES('C5','2018150480056',9606,14005);
INSERT INTO certificados VALUES('C6','2018150480057',9607,14006);
INSERT INTO certificados VALUES('C7','2018150480058',9607,14007);
INSERT INTO certificados VALUES('C8','2018150480059',9607,14008);
INSERT INTO certificados VALUES('C9','2018150480060',9607,14009);
INSERT INTO certificados VALUES('C10','2018150480061',9607,14010);
                            
INSERT INTO certificados VALUES('C20','2018150480900',9606, 14020);
INSERT INTO certificados VALUES('C18','2018150480915',9607, 14011);
INSERT INTO certificados VALUES('C13','2018150480945',9606, 14012);
INSERT INTO certificados VALUES('C11','2018150480975',9607, 14013);
INSERT INTO certificados VALUES('C12','2018150480969',9606, 14014);
INSERT INTO certificados VALUES('C15','2018150480947',9607, 14015);
INSERT INTO certificados VALUES('C17','2018150480930',9606, 14016);
INSERT INTO certificados VALUES('C14','2018150480974',9607, 14017);
INSERT INTO certificados VALUES('C16','2018150480988',9606, 14018);
INSERT INTO certificados VALUES('C19','2018150480985',9607, 14019);
			    
			    
                            
INSERT INTO certificados VALUES('C21','2018150480195',9607, 14030);
INSERT INTO certificados VALUES('C22','2018150480034',9606, 14021);
INSERT INTO certificados VALUES('C23','2018150480572',9607, 14022);
INSERT INTO certificados VALUES('C24','2018150480246',9606, 14023);
INSERT INTO certificados VALUES('C25','2018150480125',9607, 14024);
INSERT INTO certificados VALUES('C26','2018150480873',9606, 14025);
INSERT INTO certificados VALUES('C27','2018150480164',9607, 14026);
INSERT INTO certificados VALUES('C28','2018150480073',9606, 14027);
INSERT INTO certificados VALUES('C29','2018150480724',9607, 14028);
INSERT INTO certificados VALUES('C30','2018150480936',9606, 14029);
			    
#Incercion en tabla materias
INSERT INTO materias VALUES('SCC-1010','Graficacion',5,4,2,2,001,1001);
INSERT INTO materias VALUES('AEC-1061','Sistemas Operativos',6,4,2,2,002,1001);
INSERT INTO materias VALUES('SCC-1007','Fundametos de Ingenieria en Software',5,4,2,2,003,1002);
INSERT INTO materias VALUES('SCD-1003','Arquitectura de Computadoras',4,5,2,3,004,1002);
INSERT INTO materias VALUES('SCA-1025','Taller de Bases de Datos',5,4,4,0,005,1003);
INSERT INTO materias VALUES('AEC-1034','Fundamentos De Telecomunicaciones',5,4,2,2,006,1004);
INSERT INTO materias VALUES('ACC-0906','Fundametos de Investigacion',4,4,2,2,007,1005);
INSERT INTO materias VALUES('ARC-1017','Geometria Descriptiva II',4,4,2,2,008,1006);
INSERT INTO materias VALUES('ARC-1013','Estructuras 1',4,4,2,2,009,1006);
INSERT INTO materias VALUES('AEF-1076','Investigación de Operaciones',6,3,2,5,010,1006);
INSERT INTO materias VALUES('AEF-1057','Quimica',5,5,3,2,011,1011);
INSERT INTO materias VALUES'(MAC-1008','Dibujo asistido por computadoras',4,4,2,2,012,1001);
INSERT INTO materias VALUES('ACC-0906','Fundamentos de Investigacion',5,4,2,2,013,1011);
INSERT INTO materias VALUES('GEC-0905','Desarrollo Humano',5,4,2,2,014,1011);
INSERT INTO materias VALUES('GEC-0909','Fundamentos de Fisica',6,4,2,2,015,1033);
INSERT INTO materias VALUES('AVD-1209','El Emprededor y la Innovacion',6,5,2,3,016,1044);
INSERT INTO materias VALUES('AVD-1219','Introducción a las Producciones de Animación',6,5,2,3,017,1055);
INSERT INTO materias VALUES('ACF-0903','Algebra Lineal',5,5,3,2,018,1111);
INSERT INTO materias VALUES('LCT-1281','Fundamentos del turismo',6,4,2,2,019,1001);
INSERT INTO materias VALUES('LTD-1201','Administracion de Empresas Turisticas',4,5,2,3,020,1222);
INSERT INTO materias VALUES('LTD-1226','Matematicas Aplicadas al Turismo',5,5,2,3,021,1333);
INSERT INTO materias VALUES('SCD-1022','Simulacion',5,2,3,5,022,1004);
INSERT INTO materias VALUES('ACF-0901','Calculo Diferencial',6,5,3,2,023,1001);
INSERT INTO materias VALUES('AEO-1012','Dibujo Asistido por Computadora',6,3,0,3,024,1001);
INSERT INTO materias VALUES('ACC-0906','Fundamentos de investigacion',4,4,2,2,025,1555); 
INSERT INTO materias VALUES('ACA-0907','Taller de etica',4,4,0,0,026,1444);
INSERT INTO materias VALUES('INH-1029','Taller de herramientas intelectuales',5,5,2,3,027,1001);
INSERT INTO materias VALUES('SCD-1016','Lenjuajes y automatas II',4,2,3,5,028,1001);
INSERT INTO materias VALUES('SCH-1024','Taller de Administracion',4,4,2,2,029,1777);
INSERT INTO materias VALUES('SCD-1015','Lenjuajes y automatas I',4,4,2,2,030,1666);

--------------> resgistros carreras
INSERT INTO carreras VALUES ('IGE001','INGENIERIA EN GESTION EMPRESARIAL','Formar integralmente profesionales que contribuyan a la gestión de empresas e innovación de procesos; así como al diseño, implementación y desarrollo de sistemas estratégicos de negocios', 
			    'Desarrollo de negocios e innovacion de procesos en las organizaciones',
			    'Desarrollar y aplicar habilidades directivas y la ingeniería en el diseño, creación, gestión, desarrollo, fortalecimiento e innovación de las organizaciones, con una orientación sistémica y sustentable para la toma de decisiones en forma efectiva',
			    'podrá desempeñar eficientemente funciones derivadas del área de producción, finanzas, recursos humanos, mercadotecnia y auditoría, asimismo podrá fungir como asesor o consultor de empresas, encargarse de la administración y gestión de empresas, públicas y privadas',
			    10101); 
			    
INSERT INTO carreras VALUES ('LA002','LICENCIATURA EN ARQUITECTURA', 'Formar profesionistas líderes con excelencia académica y humanística capaces de diseñar y construir el hábitat humano y participar en la toma de decisiones inherentes al mismo, con vocación de servicio a la sociedad, dentro de un marco de sustentabilidad',
			    '--',
			    'Realiza, en su totalidad, el proceso del proyecto arquitectónico y urbano, así como su construcción, sus aspectos teórico-prácticos  con una visión crítica  e innovadora, dentro de un marco de calidad  como satisfactor de un desarrollo comunitario y personal',
			    'profesional que puede laboral en instituciones públicas o privadas, en la micro, mediana o en grandes empresas; así mismo, desempeñarse en diversas áreas  de aplicación de proyectos arquitectónicos y Urbanos',
			    10101); 
			    
INSERT INTO carreras VALUES ('LC003','LICENCIATURA EN CONTADURIA',  'formar profesionalitas de la contaduria, capaces de diseñar, establecer,aplicar, controlar y evaluar sistemas de informacion contable, administrativa,financiera y fiscal',
			    'Fiscal financiera',
			    'Domina y aplica los principios de contabilidad generalmente aceptados, las normas y procedimientos  de auditorías nacionales e internacionales.Diseña, asesora y propone estrategias que permitan la toma de decisiones  de inversión y financiamiento, así como subestaciones eléctricas  e instalaciones de alta y baja tensión. 
			     Analiza e interpreta  y aplica las leyes fiscales, mercantiles, civiles, laborales y ambientales',
			    'profesional que puede laborar en todo tipo de organizaciones nacionales e internacionales, áreas industriales y de servicio, del sector público y privado; ocupando niveles gerenciales o directivos desarrollando sistemas de información financiera para una adecuada toma de decisiones',
			    10101); 
			    
INSERT INTO carreras VALUES ('LIE004','LICENCIATURA EN INGENIERIA ELECTROMECANICA',' Formar profesionistas de excelencia en Ingeniería Electromecánica, con actitud emprendedora, con liderazgo y capacidad de: analizar, diagnosticar, diseñar, seleccionar, instalar, administrar, mantener e innovar sistemas electromecánicos, en forma eficiente, segura y económica',
			     'Automatizacion industrial',
			     'Diseña, selecciona, instala y supervisa sistemas electro-neumáticos y electro-hidráulicos, sistemas de control lógico programable y control numérico.',
			     'profesional que puede  desempeñarse en todo de industria u organizaciones: administrando, desarrollando proyectos y manteniendo los equipos en condiciones óptimos de operación',
			     10101); 
			     
INSERT INTO carreras VALUES ('ISC005','INGENIERIA EN SISTEMAS COMPUTACIONALES', 'Formar profesionistas de manera integral con capacidad analítica, crítica, creativa y de liderazgo que aporten soluciones computacionales en las organizaciones, aplicando las tecnologías de información y de las comunicaciones',
			     'Sistemas distribuidos',
			     'Posee una visión empresarial y detecta áreas de oportunidad para aprender y desarrollar proyectos aplicado las tecnologías de información  y de las  comunicaciones.Desarrolla y administra sistemas de información, redes de computadoras y aplicaciones distribuidas.Analiza, desarrolla y programa modelos matemáticos, estadísticos y de simulación.',
			     'profesional que puede laborar en todo tipo de organizaciones, administrando centros de procesamiento electrónico de datos y solucionando problemas administrativos y científicos.',
			     10101);  
			     
INSERT INTO carreras VALUES ('II006','INGENIERIA INDUSTRIAL', 'Formar profesionales que contribuyan al desarrollo sustentable, con una visión sistemática, que responda a los retos que presentan los constantes cambios, en los sistemas de producción de bienes y servicios en el entorno global',
			     ' sistemas de manufactura',
			     ' Diseña, implementa, administra y mejora sistemas integrados de abastecimiento, producción y distribución de organizaciones productoras de bienes y servicios, de forma sustentable y considerando las normas nacionales e internacionales.',
			     'profesional que puede laborar en instituciones públicas o privadas en micro, mediana o en grandes empresas; así mismo, desempeñarse en diversas áreas de aplicación de la ingeniería  industrial.',
			     10101); 
			     
INSERT INTO carreras VALUES ('IME007','INGENIERIA MECATRONICA',' Formar profesionistas de la ingeniería con una base científica, tecnológica y humanística capaces de desarrollar, mantener e innovar sistemas, procesos y productos industriales y de servicios con un enfoque mecatrónico',
			     'Automatizacion  en sistemas de produccion',
			     'Proyecta, diseña, simula y construye sistemas, procesos, equipos y productos mecatrónicos.',
			     'profesional que puede laborar en instituciones del área industrial, la investigación y el desarrollo tecnológico.',
			     10101); 
			     
INSERT INTO carreras VALUES ('IQ008','INGENIERIA QUIMICA','Formar profesionistas en Ingeniería Química competentes para investigar, generar y aplicar el conocimiento científico y tecnológico, que le permita identificar y resolver problemas de diseño, operación, adaptación, optimización y administración en industrias químicas',
			     'Gestion ambiental',
			     'Diseña, selecciona, opera, optimiza y controla procesos en industrias químicas y de servicios con base en el desarrollo tecnológico de acuerdo a las normas de higiene y seguridad, de manera sustentable.',
			     'puede integrarse con éxito en empresas públicas y privadas, en laboratorios de investigación así como en industrias extractivas, de transformación y de procesos químicos',
			     10101); 
			     
INSERT INTO carreras VALUES ('IMT009','INGENIERIA EN MATERIALES','Formar profesionales éticos competentes con capacidad de liderazgo, actitud emprendedora y creativa para diseñar, investigar, desarrollar, controlar, innovar y solucionar problemas, en la ingeniería y tecnología de los materiales tradicionales, avanzados, biomateriales y nanomateriales ',
			     'Desarrollo e innovacion de materiales funcionalizados',
			     'Aplicar los conocimientos para optimizar los procesos de obtención, transformación y fabricación  de los materiales poliméricos, metálicos, cerámicos, compuestos, biomateriales y nanomateriales.',
			     'La industria del plástico (polímeros),La industria del aluminio,La industria de la cerámica',
			     10101); 
			     
INSERT INTO carreras VALUES ('IAD010','INGENIERIA EN ANIMACION DIGITAL','Formar profesionistas capaces de adaptar, desarrollar y aplicar recursos tecnológicos en la producción de animación digital y efectos visuales, impulsando la tecnología para responder a los desafíos de las industrias de la animación digital ',
			     'Animacion digital y publicidad',
			     'Implementa técnicas y procesos de producción de actualidad en las industrias de la animación digital y los efectos visuales',
			     '--',
			     10101); 
			     
INSERT INTO carreras VALUES ('TS011','TURISMO','El Turismo Rural aporta, al perfil del Licenciado en Turismo la oportunidad de experimentar el encuentro con las diferentes formas de vivir de las comunidades que cohabitan en un ambiente rural y además lo sensibiliza sobre el respeto y valor de su identidad cultural',
			     '--',
			     'Promueve el desarrollo sustentable en el turismo fomentando el respeto a la cultura y la naturaleza con un compromiso ético.',
			     '--',
			     10101); 


######################## REGISTROS SEMESTRE ###########################
INSERT INTO Semestre VALUES (1001, 'Primero', '2020-2021', 'ISC005');
INSERT INTO Semestre VALUES (1002, 'Segundo', '2020-2021', 'ISC005');
INSERT INTO Semestre VALUES (1003, 'Tercero', '2020-2021', 'ISC005');
INSERT INTO Semestre VALUES (1004, 'Cuarto',  '2020-2021', 'ISC005');
INSERT INTO Semestre VALUES (1005, 'Quinto',  '2020-2021', 'ISC005');
INSERT INTO Semestre VALUES (1006, 'Sexto',   '2020-2021', 'ISC005');
INSERT INTO Semestre VALUES (1007, 'Septimo', '2020-2021', 'ISC005');
INSERT INTO Semestre VALUES (1008, 'Octavo',  '2020-2021', 'ISC005');
INSERT INTO Semestre VALUES (1009, 'Noveno',  '2020-2021', 'ISC005');

INSERT INTO Semestre VALUES (1001, 'Primero', '2020-2021', 'IME007');
INSERT INTO Semestre VALUES (1002, 'Segundo', '2020-2021', 'IME007');
INSERT INTO Semestre VALUES (1003, 'Tercero', '2020-2021', 'IME007');
INSERT INTO Semestre VALUES (1004, 'Cuarto',  '2020-2021', 'IME007');
INSERT INTO Semestre VALUES (1005, 'Quinto',  '2020-2021', 'IME007');
INSERT INTO Semestre VALUES (1006, 'Sexto',   '2020-2021', 'IME007');
INSERT INTO Semestre VALUES (1007, 'Septimo', '2020-2021', 'IME007');
INSERT INTO Semestre VALUES (1008, 'Octavo',  '2020-2021', 'IME007');
INSERT INTO Semestre VALUES (1009, 'Noveno',  '2020-2021', 'IME007');

INSERT INTO Semestre VALUES (1001, 'Primero', '2020-2021', 'IAD010');
INSERT INTO Semestre VALUES (1002, 'Segundo', '2020-2021', 'IAD010');
INSERT INTO Semestre VALUES (1003, 'Tercero', '2020-2021', 'IAD010');
INSERT INTO Semestre VALUES (1004, 'Cuarto',  '2020-2021', 'IAD010');
INSERT INTO Semestre VALUES (1005, 'Quinto',  '2020-2021', 'IAD010');
INSERT INTO Semestre VALUES (1006, 'Sexto',   '2020-2021', 'IAD010');
INSERT INTO Semestre VALUES (1007, 'Septimo', '2020-2021', 'IAD010');
INSERT INTO Semestre VALUES (1008, 'Octavo',  '2020-2021', 'IAD010');
INSERT INTO Semestre VALUES (1009, 'Noveno',  '2020-2021', 'IAD010');

####################### REGISTROS INSTITUCIÓN ########################
INSERT INTO Insitucion VALUES (10101, '', 'Tecnológico de Estudios Superiores de Jocotitlán', 'Jocotitlán', '5564334568', 'tesjo@gmail.com');
INSERT INTO Insitucion VALUES (10110, '', 'Tecnológico de Estudios Superiores de Jilotepec', 'Jilotepec', '5564334561', 'tesji@gmail.com');
INSERT INTO Insitucion VALUES (10111, '', 'Tecnológico de Estudios Superiores de Toluca', 'Toluca', '5564334562', 'testo@gmail.com');
INSERT INTO Insitucion VALUES (11000, '', 'Tecnológico de Estudios Superiores de San Felipe del Progreso', 'San Felipe del Progreso', '5564334564', 'tesfe@gmail.com');

#registros de tabla pagos de examen

INSERT INTO PAGO VALUES (12001,'Examen de Admision', 97000121901500000111,469);
INSERT INTO PAGO VALUES (12002,'Examen de Admision', 97000121901500000112,469);
INSERT INTO PAGO VALUES (12003,'Examen de Admision', 97000121901500000113,469);
INSERT INTO PAGO VALUES (12004,'Examen de Admision', 97000121901500000114,469);
INSERT INTO PAGO VALUES (12005,'Examen de Admision', 97000121901500000115,469);

INSERT INTO PAGO VALUES (12006,'Examen de Admision', 97000121901500000116,469);
INSERT INTO PAGO VALUES (12007,'Examen de Admision', 97000121901500000117,469);
INSERT INTO PAGO VALUES (12008,'Examen de Admision', 97000121901500000118,469);
INSERT INTO PAGO VALUES (12009,'Examen de Admision', 97000121901500000119,469);
INSERT INTO PAGO VALUES (12010,'Examen de Admision', 97000121901500000120,469);

INSERT INTO PAGO VALUES (12011,'Examen de Admision', 97000121901500000121,469);
INSERT INTO PAGO VALUES (12012,'Examen de Admision', 97000121901500000122,469);
INSERT INTO PAGO VALUES (12013,'Examen de Admision', 97000121901500000123,469);
INSERT INTO PAGO VALUES (12014,'Examen de Admision', 97000121901500000124,469);
INSERT INTO PAGO VALUES (12015,'Examen de Admision', 97000121901500000125,469);
INSERT INTO PAGO VALUES (12016,'Examen de Admision', 97000121901500000126,469);
INSERT INTO PAGO VALUES (12017,'Examen de Admision', 97000121901500000127,469);
INSERT INTO PAGO VALUES (12018,'Examen de Admision', 97000121901500000128,469);
INSERT INTO PAGO VALUES (12019,'Examen de Admision', 97000121901500000129,469);
INSERT INTO PAGO VALUES (12020,'Examen de Admision', 97000121901500000130,469);
INSERT INTO PAGO VALUES (12021,'Examen de Admision', 97000121901500000131,469);
INSERT INTO PAGO VALUES (12022,'Examen de Admision', 97000121901500000132,469);
INSERT INTO PAGO VALUES (12023,'Examen de Admision', 97000121901500000133,469);
INSERT INTO PAGO VALUES (12024,'Examen de Admision', 97000121901500000134,469);
INSERT INTO PAGO VALUES (12025,'Examen de Admision', 97000121901500000135,469);
INSERT INTO PAGO VALUES (12026,'Examen de Admision', 97000121901500000136,469);
INSERT INTO PAGO VALUES (12027,'Examen de Admision', 97000121901500000137,469);
INSERT INTO PAGO VALUES (12028,'Examen de Admision', 97000121901500000138,469);
INSERT INTO PAGO VALUES (12029,'Examen de Admision', 97000121901500000139,469);
INSERT INTO PAGO VALUES (12030,'Examen de Admision', 97000121901500000140,469);


############ REGISTROS INSCRIPCIONES COMPLETO ###############
INSERT INTO Carga_Academica VALUES(10000,'2018150480052', 101, 1005);
INSERT INTO Carga_Academica VALUES(10001,'2018150480053', 101, 1005);
INSERT INTO Carga_Academica VALUES(10002,'2018150480054', 101, 1005);
INSERT INTO Carga_Academica VALUES(10003,'2018150480055', 101, 1005);
INSERT INTO Carga_Academica VALUES(10004,'2018150480056', 101, 1005);
INSERT INTO Carga_Academica VALUES(10005,'2018150480057', 101, 1005);
INSERT INTO Carga_Academica VALUES(10006,'2018150480058', 101, 1005);
INSERT INTO Carga_Academica VALUES(10007,'2018150480059', 101, 1005);
INSERT INTO Carga_Academica VALUES(10008,'2018150480060', 101, 1005);
INSERT INTO Carga_Academica VALUES(10009,'2018150480061', 101, 1005);
INSERT INTO Carga_Academica VALUES(10010,'2018150480195', 101, 1005);
INSERT INTO Carga_Academica VALUES(10011,'2018150480034', 101, 1005);
INSERT INTO Carga_Academica VALUES(10012,'2018150480572', 101, 1005);
INSERT INTO Carga_Academica VALUES(10013,'2018150480246', 101, 1005);
INSERT INTO Carga_Academica VALUES(10014,'2018150480125', 101, 1005);
INSERT INTO Carga_Academica VALUES(10015,'2018150480873', 101, 1005);
INSERT INTO Carga_Academica VALUES(10016,'2018150480164', 101, 1005);
INSERT INTO Carga_Academica VALUES(10017,'2018150480073', 101, 1005);
INSERT INTO Carga_Academica VALUES(10018,'2018150480724', 101, 1005);
INSERT INTO Carga_Academica VALUES(10019,'2018150480936', 101, 1005);
INSERT INTO Carga_Academica VALUES(10020,'2018150480900', 101, 1005);
INSERT INTO Carga_Academica VALUES(10021,'2018150480915', 101, 1005);
INSERT INTO Carga_Academica VALUES(10022,'2018150480945', 101, 1005);
INSERT INTO Carga_Academica VALUES(10023,'2018150480975', 101, 1005);
INSERT INTO Carga_Academica VALUES(10024,'2018150480969', 101, 1005);
INSERT INTO Carga_Academica VALUES(10025,'2018150480947', 101, 1005);
INSERT INTO Carga_Academica VALUES(10026,'2018150480930', 101, 1005);
INSERT INTO Carga_Academica VALUES(10027,'2018150480974', 101, 1005);
INSERT INTO Carga_Academica VALUES(10028,'2018150480985', 101, 1005);
INSERT INTO Carga_Academica VALUES(10029,'2018150480988', 101, 1005);

INSERT INTO Inscripciones VALUES (1001, 100000);
INSERT INTO Inscripciones VALUES (1002, 100001);
INSERT INTO Inscripciones VALUES (1003, 100002);
INSERT INTO Inscripciones VALUES (1004, 100003);
INSERT INTO Inscripciones VALUES (1005, 100004);
INSERT INTO Inscripciones VALUES (1006, 100005);
INSERT INTO Inscripciones VALUES (1007, 100006);
INSERT INTO Inscripciones VALUES (1008, 100007);
INSERT INTO Inscripciones VALUES (1009, 100008);
INSERT INTO Inscripciones VALUES (1010, 100009);

INSERT INTO Inscripciones VALUES (1011, 100010);
INSERT INTO Inscripciones VALUES (1012, 100011);
INSERT INTO Inscripciones VALUES (1013, 100012);
INSERT INTO Inscripciones VALUES (1014, 100013);
INSERT INTO Inscripciones VALUES (1015, 100014);
INSERT INTO Inscripciones VALUES (1016, 100015);
INSERT INTO Inscripciones VALUES (1017, 100016);
INSERT INTO Inscripciones VALUES (1018, 100017);
INSERT INTO Inscripciones VALUES (1019, 100018);
INSERT INTO Inscripciones VALUES (1020, 100019);

INSERT INTO Inscripciones VALUES (1021, 100020);
INSERT INTO Inscripciones VALUES (1022, 100021);
INSERT INTO Inscripciones VALUES (1023, 100022);
INSERT INTO Inscripciones VALUES (1024, 100023);
INSERT INTO Inscripciones VALUES (1025, 100024);
INSERT INTO Inscripciones VALUES (1026, 100025);
INSERT INTO Inscripciones VALUES (1027, 100026);
INSERT INTO Inscripciones VALUES (1028, 100027);
INSERT INTO Inscripciones VALUES (1029, 100028);
INSERT INTO Inscripciones VALUES (1030, 100029);

#Pagos por Inscripcion
INSERT INTO Inscripciones_Pago VALUES(1001,11001);
INSERT INTO Inscripciones_Pago VALUES(1002,11002);
INSERT INTO Inscripciones_Pago VALUES(1003,11003);
INSERT INTO Inscripciones_Pago VALUES(1004,11004);
INSERT INTO Inscripciones_Pago VALUES(1005,11005);
INSERT INTO Inscripciones_Pago VALUES(1006,11006);
INSERT INTO Inscripciones_Pago VALUES(1007,11007);
INSERT INTO Inscripciones_Pago VALUES(1008,11008);
INSERT INTO Inscripciones_Pago VALUES(1009,11009);
INSERT INTO Inscripciones_Pago VALUES(1010,11010);
INSERT INTO Inscripciones_Pago VALUES(1011,11011);
INSERT INTO Inscripciones_Pago VALUES(1012,11012);
INSERT INTO Inscripciones_Pago VALUES(1013,11013);
INSERT INTO Inscripciones_Pago VALUES(1014,11014);
INSERT INTO Inscripciones_Pago VALUES(1015,11015);
INSERT INTO Inscripciones_Pago VALUES(1016,11016);
INSERT INTO Inscripciones_Pago VALUES(1017,11017);
INSERT INTO Inscripciones_Pago VALUES(1018,11018);
INSERT INTO Inscripciones_Pago VALUES(1019,11019);
INSERT INTO Inscripciones_Pago VALUES(1020,11020);
INSERT INTO Inscripciones_Pago VALUES(1021,11021);
INSERT INTO Inscripciones_Pago VALUES(1022,11022);
INSERT INTO Inscripciones_Pago VALUES(1023,11023);
INSERT INTO Inscripciones_Pago VALUES(1024,11024);
INSERT INTO Inscripciones_Pago VALUES(1025,11025);
INSERT INTO Inscripciones_Pago VALUES(1026,11026);
INSERT INTO Inscripciones_Pago VALUES(1027,11027);
INSERT INTO Inscripciones_Pago VALUES(1028,11028);
INSERT INTO Inscripciones_Pago VALUES(1029,11029);
INSERT INTO Inscripciones_Pago VALUES(1030,11030);

#PAGO SEGURO
INSERT INTO Inscripciones_Pago VALUES(1001,30001);
INSERT INTO Inscripciones_Pago VALUES(1002,30002);
INSERT INTO Inscripciones_Pago VALUES(1003,30003);
INSERT INTO Inscripciones_Pago VALUES(1004,30004);
INSERT INTO Inscripciones_Pago VALUES(1005,30005);
INSERT INTO Inscripciones_Pago VALUES(1006,30006);
INSERT INTO Inscripciones_Pago VALUES(1007,30007);
INSERT INTO Inscripciones_Pago VALUES(1008,30008);
INSERT INTO Inscripciones_Pago VALUES(1009,30009);
INSERT INTO Inscripciones_Pago VALUES(1010,30010);
INSERT INTO Inscripciones_Pago VALUES(1011,30011);
INSERT INTO Inscripciones_Pago VALUES(1012,30012);
INSERT INTO Inscripciones_Pago VALUES(1013,30013);
INSERT INTO Inscripciones_Pago VALUES(1014,30014);
INSERT INTO Inscripciones_Pago VALUES(1015,30015);
INSERT INTO Inscripciones_Pago VALUES(1016,30016);
INSERT INTO Inscripciones_Pago VALUES(1017,30017);
INSERT INTO Inscripciones_Pago VALUES(1018,30018);
INSERT INTO Inscripciones_Pago VALUES(1019,30019);
INSERT INTO Inscripciones_Pago VALUES(1020,30020);
INSERT INTO Inscripciones_Pago VALUES(1021,30021);
INSERT INTO Inscripciones_Pago VALUES(1022,30022);
INSERT INTO Inscripciones_Pago VALUES(1023,30023);
INSERT INTO Inscripciones_Pago VALUES(1024,30024);
INSERT INTO Inscripciones_Pago VALUES(1025,30025);
INSERT INTO Inscripciones_Pago VALUES(1026,30026);
INSERT INTO Inscripciones_Pago VALUES(1027,30027);
INSERT INTO Inscripciones_Pago VALUES(1028,30028);
INSERT INTO Inscripciones_Pago VALUES(1029,30029);
INSERT INTO Inscripciones_Pago VALUES(1030,30030);

#PAGO CURSO ESPECIAL
INSERT INTO Inscripciones_Pago VALUES (1003, 40001);
INSERT INTO Inscripciones_Pago VALUES (1004, 40002);
INSERT INTO Inscripciones_Pago VALUES (1014, 40002);
INSERT INTO Inscripciones_Pago VALUES (1017, 40003);
INSERT INTO Inscripciones_Pago VALUES (1030, 40004);

# PAGO DE RECURSES 
INSERT INTO Inscripciones_Pago VALUES(1011, 20001);
INSERT INTO Inscripciones_Pago VALUES(1012, 20002);
INSERT INTO Inscripciones_Pago VALUES(1013, 20003);
INSERT INTO Inscripciones_Pago VALUES(1014, 20004);
INSERT INTO Inscripciones_Pago VALUES(1015, 20005);
INSERT INTO Inscripciones_Pago VALUES(1016, 20006);
INSERT INTO Inscripciones_Pago VALUES(1017, 20007);
INSERT INTO Inscripciones_Pago VALUES(1018, 20008);
INSERT INTO Inscripciones_Pago VALUES(1019, 20009);
INSERT INTO Inscripciones_Pago VALUES(1020, 20010);


# Carga #1 Con 6 materias 		 ID_CARGA	ID_MATERIA
INSERT INTO Materias_Carga VALUES (100001, 'SCC-1010');
INSERT INTO Materias_Carga VALUES (100001, 'AEC-1061');
INSERT INTO Materias_Carga VALUES (100001, 'SCC-1007');
INSERT INTO Materias_Carga VALUES (100001, 'SCD-1003');
INSERT INTO Materias_Carga VALUES (100001, 'SCA-1025');
INSERT INTO Materias_Carga VALUES (100001, 'AEC-1034');
);
# Carga #2 Con 6 materias 		 ID_CARGA	ID_MATERIA
INSERT INTO Materias_Carga VALUES (100002, 'SCC-1010');
INSERT INTO Materias_Carga VALUES (100002, 'AEC-1061');
INSERT INTO Materias_Carga VALUES (100002, 'SCC-1007');
INSERT INTO Materias_Carga VALUES (100002, 'AVD-1209');
INSERT INTO Materias_Carga VALUES (100002, 'SCA-1025');
INSERT INTO Materias_Carga VALUES (100002, 'AVD-1219');
);
# Carga #3 Con 6 materias 		 ID_CARGA	ID_MATERIA
INSERT INTO Materias_Carga VALUES (100003, 'AEC-1061');
INSERT INTO Materias_Carga VALUES (100003, 'MAC-1008');
INSERT INTO Materias_Carga VALUES (100003, 'GEC-0909');
INSERT INTO Materias_Carga VALUES (100003, 'AVD-1209');
INSERT INTO Materias_Carga VALUES (100003, 'ACC-0906');
INSERT INTO Materias_Carga VALUES (100003, 'AVD-1219');
);
# Carga #4 Con 6 materias 		 ID_CARGA	ID_MATERIA
INSERT INTO Materias_Carga VALUES (100004, 'AEO-1012');
INSERT INTO Materias_Carga VALUES (100004, 'AEF-1057');
INSERT INTO Materias_Carga VALUES (100004, 'LTD-1201');
INSERT INTO Materias_Carga VALUES (100004, 'DEC-0906');
INSERT INTO Materias_Carga VALUES (100004, 'VCC-0907');
INSERT INTO Materias_Carga VALUES (100004, 'AVD-1219');
);
# Carga #5 Con 6 materias 		 ID_CARGA	ID_MATERIA
INSERT INTO Materias_Carga VALUES (100005, 'NDC-1030');
INSERT INTO Materias_Carga VALUES (100005, 'NDC-1029');
INSERT INTO Materias_Carga VALUES (100005, 'LTD-1201');
INSERT INTO Materias_Carga VALUES (100005, 'DEC-0906');
INSERT INTO Materias_Carga VALUES (100005, 'VCC-0907');
INSERT INTO Materias_Carga VALUES (100005, 'AEO-1012');
);

# Carga #6 Con 6 materias 		 ID_CARGA	ID_MATERIA
INSERT INTO Materias_Carga VALUES (100006, 'ARC-1013');
INSERT INTO Materias_Carga VALUES (100006, 'ARC-1017');
INSERT INTO Materias_Carga VALUES (100006, 'ACF-0903');
INSERT INTO Materias_Carga VALUES (100006, 'SCC-1010');
INSERT INTO Materias_Carga VALUES (100006, 'GEC-0905');
INSERT INTO Materias_Carga VALUES (100006, 'AEO-1012');
);
# Carga #7 Con 6 materias 		 ID_CARGA	ID_MATERIA
INSERT INTO Materias_Carga VALUES (100007, 'DEC-0906');
INSERT INTO Materias_Carga VALUES (100007, 'NDC-1029');
INSERT INTO Materias_Carga VALUES (100007, 'ACA-0907');
INSERT INTO Materias_Carga VALUES (100007, 'SCC-1010');
INSERT INTO Materias_Carga VALUES (100007, 'GEC-0905');
INSERT INTO Materias_Carga VALUES (100007, 'ACC-0906');
);
# Carga #8 Con 6 materias 		 ID_CARGA	ID_MATERIA
INSERT INTO Materias_Carga VALUES (100008, 'DEC-0906');
INSERT INTO Materias_Carga VALUES (100008, 'GEC-0905');
INSERT INTO Materias_Carga VALUES (100008, 'GEC-0909');
INSERT INTO Materias_Carga VALUES (100008, 'LCT-1281');
INSERT INTO Materias_Carga VALUES (100008, 'LTD-1201');
INSERT INTO Materias_Carga VALUES (100008, 'LTD-1226');
);
# Carga #9 Con 6 materias 		 ID_CARGA	ID_MATERIA
INSERT INTO Materias_Carga VALUES (100009, 'SCC-1010');
INSERT INTO Materias_Carga VALUES (100009, 'AEC-1061');
INSERT INTO Materias_Carga VALUES (100009, 'SCC-1007');
INSERT INTO Materias_Carga VALUES (100009, 'SCD-1003');
INSERT INTO Materias_Carga VALUES (100009, 'ARC-1017');
INSERT INTO Materias_Carga VALUES (100009, 'ARC-1013');
);
# Carga #10 Con 6 materias 		 ID_CARGA	ID_MATERIA
INSERT INTO Materias_Carga VALUES (100010, 'MAC-1008');
INSERT INTO Materias_Carga VALUES (100010, 'ACC-0906');
INSERT INTO Materias_Carga VALUES (100010, 'AVD-1209');
INSERT INTO Materias_Carga VALUES (100010, 'ACA-0907');
INSERT INTO Materias_Carga VALUES (100010, 'GEC-0909');
INSERT INTO Materias_Carga VALUES (100010, 'AEF-1057');
);
# Carga #11 Con 6 materias 		 ID_CARGA	ID_MATERIA
INSERT INTO Materias_Carga VALUES (100011, 'ARC-1013');
INSERT INTO Materias_Carga VALUES (100011, 'ARC-1017');
INSERT INTO Materias_Carga VALUES (100011, 'ACF-0903');
INSERT INTO Materias_Carga VALUES (100011, 'SCC-1010');
INSERT INTO Materias_Carga VALUES (100011, 'GEC-0905');
INSERT INTO Materias_Carga VALUES (100011, 'AEO-1012');
);
# Carga #12 Con 6 materias 		 ID_CARGA	ID_MATERIA
INSERT INTO Materias_Carga VALUES (100012, 'MAC-1008');
INSERT INTO Materias_Carga VALUES (100012, 'AEF-1057');
INSERT INTO Materias_Carga VALUES (100012, 'ACF-0903');
INSERT INTO Materias_Carga VALUES (100012, 'SCC-1010');
INSERT INTO Materias_Carga VALUES (100012, 'AVD-1219');
INSERT INTO Materias_Carga VALUES (100012, 'AVD-1209');
);
# Carga #13 Con 6 materias 		 ID_CARGA	ID_MATERIA
INSERT INTO Materias_Carga VALUES (100013, 'NDC-1029');
INSERT INTO Materias_Carga VALUES (100013, 'LTD-1201');
INSERT INTO Materias_Carga VALUES (100013, 'LTD-1226');
INSERT INTO Materias_Carga VALUES (100013, 'ACA-0907');
INSERT INTO Materias_Carga VALUES (100013, 'ACF-0901');
INSERT INTO Materias_Carga VALUES (100013, 'AVD-1209');
);
# Carga #14 Con 6 materias 		 ID_CARGA	ID_MATERIA
INSERT INTO Materias_Carga VALUES (100014, 'DEC-0906');
INSERT INTO Materias_Carga VALUES (100014, 'NDC-1029');
INSERT INTO Materias_Carga VALUES (100014, 'NDC-1030');
INSERT INTO Materias_Carga VALUES (100014, 'ACA-0907');
INSERT INTO Materias_Carga VALUES (100014, 'AEO-1012');
INSERT INTO Materias_Carga VALUES (100014, 'AVD-1209');
);
# Carga #15 Con 6 materias 		 ID_CARGA	ID_MATERIA
INSERT INTO Materias_Carga VALUES (100015, 'NDC-1029');
INSERT INTO Materias_Carga VALUES (100015, 'LTD-1201');
INSERT INTO Materias_Carga VALUES (100015, 'AVD-1209');
INSERT INTO Materias_Carga VALUES (100015, 'NDC-1029');
INSERT INTO Materias_Carga VALUES (100015, 'AFD-1001');
INSERT INTO Materias_Carga VALUES (100015, 'NDC-1030');
);
# Carga #16 Con 6 materias 		 ID_CARGA	ID_MATERIA
INSERT INTO Materias_Carga VALUES (100016, 'AEC-1061');
INSERT INTO Materias_Carga VALUES (100016, 'SCC-1007');
INSERT INTO Materias_Carga VALUES (100016, 'GEC-0909');
INSERT INTO Materias_Carga VALUES (100016, 'ACF-0903');
INSERT INTO Materias_Carga VALUES (100016, 'ACF-0901');
INSERT INTO Materias_Carga VALUES (100016, 'AEO-1012');
);
# Carga #17 Con 6 materias 		 ID_CARGA	ID_MATERIA
INSERT INTO Materias_Carga VALUES (100017, 'AEO-1012');
INSERT INTO Materias_Carga VALUES (100017, 'AEF-1057');
INSERT INTO Materias_Carga VALUES (100017, 'LTD-1201');
INSERT INTO Materias_Carga VALUES (100017, 'DEC-0906');
INSERT INTO Materias_Carga VALUES (100017, 'VCC-0907');
INSERT INTO Materias_Carga VALUES (100017, 'AVD-1219');
);
# Carga #18 Con 6 materias 		 ID_CARGA	ID_MATERIA
INSERT INTO Materias_Carga VALUES (100018, 'ARC-1013');
INSERT INTO Materias_Carga VALUES (100018, 'ARC-1017');
INSERT INTO Materias_Carga VALUES (100018, 'SCC-1007');
INSERT INTO Materias_Carga VALUES (100018, 'GEC-0905');
INSERT INTO Materias_Carga VALUES (100018, 'AEF-1057');
INSERT INTO Materias_Carga VALUES (100018, 'AEC-1034');
);
# Carga #19 Con 6 materias 		 ID_CARGA	ID_MATERIA
INSERT INTO Materias_Carga VALUES (100019, 'SCC-1010');
INSERT INTO Materias_Carga VALUES (100019, 'AEC-1061');
INSERT INTO Materias_Carga VALUES (100019, 'SCC-1007');
INSERT INTO Materias_Carga VALUES (100019, 'SCD-1003');
INSERT INTO Materias_Carga VALUES (100019, 'SCA-1025');
INSERT INTO Materias_Carga VALUES (100019, 'AEC-1034');
);

# Carga #20 Con 6 materias 		 ID_CARGA	ID_MATERIA
INSERT INTO Materias_Carga VALUES (100020, 'AEC-1061');
INSERT INTO Materias_Carga VALUES (100020, 'MAC-1008');
INSERT INTO Materias_Carga VALUES (100020, 'GEC-0909');
INSERT INTO Materias_Carga VALUES (100020, 'AVD-1209');
INSERT INTO Materias_Carga VALUES (100020, 'ACC-0906');
INSERT INTO Materias_Carga VALUES (100020, 'AVD-1219');
);
# Carga #21 Con 6 materias 		 ID_CARGA	ID_MATERIA
INSERT INTO Materias_Carga VALUES (100021, 'DEC-0906');
INSERT INTO Materias_Carga VALUES (100021, 'GEC-0905');
INSERT INTO Materias_Carga VALUES (100021, 'GEC-0909');
INSERT INTO Materias_Carga VALUES (100021, 'LCT-1281');
INSERT INTO Materias_Carga VALUES (100021, 'LTD-1201');
INSERT INTO Materias_Carga VALUES (100021, 'LTD-1226');
);
# Carga #22 Con 6 materias 		 ID_CARGA	ID_MATERIA
INSERT INTO Materias_Carga VALUES (100022, 'DEC-0906');
INSERT INTO Materias_Carga VALUES (100022, 'GEC-0905');
INSERT INTO Materias_Carga VALUES (100022, 'GEC-0909');
INSERT INTO Materias_Carga VALUES (100022, 'LCT-1281');
INSERT INTO Materias_Carga VALUES (100022, 'LTD-1201');
INSERT INTO Materias_Carga VALUES (100022, 'LTD-1226');
);
# Carga #23 Con 6 materias 		 ID_CARGA	ID_MATERIA
INSERT INTO Materias_Carga VALUES (100023, 'MAC-1008');
INSERT INTO Materias_Carga VALUES (100023, 'AEO-1012');
INSERT INTO Materias_Carga VALUES (100023, 'AVD-1209');
INSERT INTO Materias_Carga VALUES (100023, 'ACA-0907');
INSERT INTO Materias_Carga VALUES (100023, 'NDC-1029');
INSERT INTO Materias_Carga VALUES (100023, 'NDC-1030');
);
# Carga #24 Con 6 materias 		 ID_CARGA	ID_MATERIA
INSERT INTO Materias_Carga VALUES (100024, 'MAC-1008');
INSERT INTO Materias_Carga VALUES (100024, 'AEF-1057');
INSERT INTO Materias_Carga VALUES (100024, 'ACF-0903');
INSERT INTO Materias_Carga VALUES (100024, 'SCC-1010');
INSERT INTO Materias_Carga VALUES (100024, 'AVD-1219');
INSERT INTO Materias_Carga VALUES (100024, 'AVD-1209');
);
# Carga #25 Con 6 materias 		 ID_CARGA	ID_MATERIA
INSERT INTO Materias_Carga VALUES (100025, 'NDC-1030');
INSERT INTO Materias_Carga VALUES (100025, 'NDC-1029');
INSERT INTO Materias_Carga VALUES (100025, 'LTD-1201');
INSERT INTO Materias_Carga VALUES (100025, 'DEC-0906');
INSERT INTO Materias_Carga VALUES (100025, 'VCC-0907');
INSERT INTO Materias_Carga VALUES (100025, 'AEO-1012');
);
# Carga #26 Con 6 materias 		 ID_CARGA	ID_MATERIA
INSERT INTO Materias_Carga VALUES (100026, 'MAC-1008');
INSERT INTO Materias_Carga VALUES (100026, 'ACC-0906');
INSERT INTO Materias_Carga VALUES (100026, 'AVD-1209');
INSERT INTO Materias_Carga VALUES (100026, 'ACA-0907');
INSERT INTO Materias_Carga VALUES (100026, 'GEC-0909');
INSERT INTO Materias_Carga VALUES (100026, 'AEF-1057');
);
# Carga #27 Con 6 materias 		 ID_CARGA	ID_MATERIA
INSERT INTO Materias_Carga VALUES (100027, 'SCC-1010');
INSERT INTO Materias_Carga VALUES (100027, 'AEC-1061');
INSERT INTO Materias_Carga VALUES (100027, 'SCC-1007');
INSERT INTO Materias_Carga VALUES (100027, 'SCD-1003');
INSERT INTO Materias_Carga VALUES (100027, 'ARC-1017');
INSERT INTO Materias_Carga VALUES (100027, 'ARC-1013');
);
# Carga #28 Con 6 materias 		 ID_CARGA	ID_MATERIA
INSERT INTO Materias_Carga VALUES (100028, 'NDC-1030');
INSERT INTO Materias_Carga VALUES (100028, 'AVD-1209');
INSERT INTO Materias_Carga VALUES (100028, 'AFD-1001');
INSERT INTO Materias_Carga VALUES (100028, 'ACF-0903');
INSERT INTO Materias_Carga VALUES (100028, 'VCC-0907');
INSERT INTO Materias_Carga VALUES (100028, 'AEO-1012');
);
# Carga #29 Con 6 materias 		 ID_CARGA	ID_MATERIA
INSERT INTO Materias_Carga VALUES (100029, 'AEC-1061');
INSERT INTO Materias_Carga VALUES (100029, 'SCC-1007');
INSERT INTO Materias_Carga VALUES (100029, 'GEC-0909');
INSERT INTO Materias_Carga VALUES (100029, 'ACF-0903');
INSERT INTO Materias_Carga VALUES (100029, 'ACF-0901');
INSERT INTO Materias_Carga VALUES (100029, 'AEO-1012');
);
# Carga #30 Con 6 materias 		 ID_CARGA	ID_MATERIA
INSERT INTO Materias_Carga VALUES (100030, 'SCC-1010');
INSERT INTO Materias_Carga VALUES (100030, 'AEC-1061');
INSERT INTO Materias_Carga VALUES (100030, 'SCC-1007');
INSERT INTO Materias_Carga VALUES (100030, 'SCD-1003');
INSERT INTO Materias_Carga VALUES (100030, 'SCA-1025');
INSERT INTO Materias_Carga VALUES (100030, 'AEC-1034');
);
