INSERT INTO institucion VALUES (10101, '', 'Tecnológico de Estudios Superiores de Jocotitlán', 'Jocotitlán', '5564334568', 'tesjo@gmail.com');
INSERT INTO institucion VALUES (10110, '', 'Tecnológico de Estudios Superiores de Jilotepec', 'Jilotepec', '5564334561', 'tesji@gmail.com');
INSERT INTO institucion VALUES (10111, '', 'Tecnológico de Estudios Superiores de Toluca', 'Toluca', '5564334562', 'testo@gmail.com');
INSERT INTO institucion VALUES (11000, '', 'Tecnológico de Estudios Superiores de San Felipe del Progreso', 'San Felipe del Progreso', '5564334564', 'tesfe@gmail.com');


INSERT INTO carreras VALUES ('IGE001','INGENIERIA EN GESTION EMPRESARIAL','Formar integralmente profesionales que contribuyan a la gestión de empresas e innovación de procesos; así como al diseño, implementación y desarrollo de sistemas estratégicos de negocios',
                'Desarrollo de negocios e innovacion de procesos en las organizaciones',
                'Desarrollar y aplicar habilidades directivas y la ingeniería en el diseño, creación, gestión, desarrollo, fortalecimiento e innovación de las organizaciones, con una orientación sistémica y sustentable para la toma de decisiones en forma efectiva',
                'podrá desempeñar eficientemente funciones derivadas del área de producción, finanzas, recursos humanos, mercadotecnia y auditoría, asimismo podrá fungir como asesor o consultor de empresas, encargarse de la administración y gestión de empresas, públicas y privadas',
                10101);
               
INSERT INTO carreras VALUES ('LA002','LICENCIATURA EN ARQUITECTURA', 'Formar profesionistas líderes con excelencia académica y humanística capaces de diseñar y construir el hábitat humano y participar en la toma de decisiones inherentes al mismo, con vocación de servicio a la sociedad, dentro de un marco de sustentabilidad',
                '--',
                'Realiza, en su totalidad, el proceso del proyecto arquitectónico y urbano, así como su construcción, sus aspectos teórico-prácticos  con una visión crítica  e innovadora, dentro de un marco de calidad  como satisfactor de un desarrollo comunitario y personal',
                'profesional que puede laboral en instituciones públicas o privadas, en la micro, mediana o en grandes empresas; así mismo, desempeñarse en diversas áreas  de aplicación de proyectos arquitectónicos y Urbanos',
                10101);
               
INSERT INTO carreras VALUES ('LC003','LICENCIATURA EN CONTADURIA',  'formar profesionalitas de la contaduria, capaces de diseñar, establecer,aplicar, controlar y evaluar sistemas de informacion contable, administrativa,financiera y fiscal',
                'Fiscal financiera',
                'Domina y aplica los principios de contabilidad generalmente aceptados, las normas y procedimientos  de auditorías nacionales e internacionales.Diseña, asesora y propone estrategias que permitan la toma de decisiones  de inversión y financiamiento, así como subestaciones eléctricas  e instalaciones de alta y baja tensión.
                 Analiza e interpreta  y aplica las leyes fiscales, mercantiles, civiles, laborales y ambientales',
                'profesional que puede laborar en todo tipo de organizaciones nacionales e internacionales, áreas industriales y de servicio, del sector público y privado; ocupando niveles gerenciales o directivos desarrollando sistemas de información financiera para una adecuada toma de decisiones',
                10101);
               
INSERT INTO carreras VALUES ('LIE004','LICENCIATURA EN INGENIERIA ELECTROMECANICA',' Formar profesionistas de excelencia en Ingeniería Electromecánica, con actitud emprendedora, con liderazgo y capacidad de: analizar, diagnosticar, diseñar, seleccionar, instalar, administrar, mantener e innovar sistemas electromecánicos, en forma eficiente, segura y económica',
                 'Automatizacion industrial',
                 'Diseña, selecciona, instala y supervisa sistemas electro-neumáticos y electro-hidráulicos, sistemas de control lógico programable y control numérico.',
                 'profesional que puede  desempeñarse en todo de industria u organizaciones: administrando, desarrollando proyectos y manteniendo los equipos en condiciones óptimos de operación',
                 10101);
                
INSERT INTO carreras VALUES ('ISC005','INGENIERIA EN SISTEMAS COMPUTACIONALES', 'Formar profesionistas de manera integral con capacidad analítica, crítica, creativa y de liderazgo que aporten soluciones computacionales en las organizaciones, aplicando las tecnologías de información y de las comunicaciones',
                 'Sistemas distribuidos',
                 'Posee una visión empresarial y detecta áreas de oportunidad para aprender y desarrollar proyectos aplicado las tecnologías de información  y de las  comunicaciones.Desarrolla y administra sistemas de información, redes de computadoras y aplicaciones distribuidas.Analiza, desarrolla y programa modelos matemáticos, estadísticos y de simulación.',
                 'profesional que puede laborar en todo tipo de organizaciones, administrando centros de procesamiento electrónico de datos y solucionando problemas administrativos y científicos.',
                 10101);
                
INSERT INTO carreras VALUES ('II006','INGENIERIA INDUSTRIAL', 'Formar profesionales que contribuyan al desarrollo sustentable, con una visión sistemática, que responda a los retos que presentan los constantes cambios, en los sistemas de producción de bienes y servicios en el entorno global',
                 ' sistemas de manufactura',
                 ' Diseña, implementa, administra y mejora sistemas integrados de abastecimiento, producción y distribución de organizaciones productoras de bienes y servicios, de forma sustentable y considerando las normas nacionales e internacionales.',
                 'profesional que puede laborar en instituciones públicas o privadas en micro, mediana o en grandes empresas; así mismo, desempeñarse en diversas áreas de aplicación de la ingeniería  industrial.',
                 10101);
                
INSERT INTO carreras VALUES ('IME007','INGENIERIA MECATRONICA',' Formar profesionistas de la ingeniería con una base científica, tecnológica y humanística capaces de desarrollar, mantener e innovar sistemas, procesos y productos industriales y de servicios con un enfoque mecatrónico',
                 'Automatizacion  en sistemas de produccion',
                 'Proyecta, diseña, simula y construye sistemas, procesos, equipos y productos mecatrónicos.',
                 'profesional que puede laborar en instituciones del área industrial, la investigación y el desarrollo tecnológico.',
                 10101);
                
INSERT INTO carreras VALUES ('IQ008','INGENIERIA QUIMICA','Formar profesionistas en Ingeniería Química competentes para investigar, generar y aplicar el conocimiento científico y tecnológico, que le permita identificar y resolver problemas de diseño, operación, adaptación, optimización y administración en industrias químicas',
                 'Gestion ambiental',
                 'Diseña, selecciona, opera, optimiza y controla procesos en industrias químicas y de servicios con base en el desarrollo tecnológico de acuerdo a las normas de higiene y seguridad, de manera sustentable.',
                 'puede integrarse con éxito en empresas públicas y privadas, en laboratorios de investigación así como en industrias extractivas, de transformación y de procesos químicos',
                 10101);
                
INSERT INTO carreras VALUES ('IMT009','INGENIERIA EN MATERIALES','Formar profesionales éticos competentes con capacidad de liderazgo, actitud emprendedora y creativa para diseñar, investigar, desarrollar, controlar, innovar y solucionar problemas, en la ingeniería y tecnología de los materiales tradicionales, avanzados, biomateriales y nanomateriales ',
                 'Desarrollo e innovacion de materiales funcionalizados',
                 'Aplicar los conocimientos para optimizar los procesos de obtención, transformación y fabricación  de los materiales poliméricos, metálicos, cerámicos, compuestos, biomateriales y nanomateriales.',
                 'La industria del plástico (polímeros),La industria del aluminio,La industria de la cerámica',
                 10101);
                
INSERT INTO carreras VALUES ('IAD010','INGENIERIA EN ANIMACION DIGITAL','Formar profesionistas capaces de adaptar, desarrollar y aplicar recursos tecnológicos en la producción de animación digital y efectos visuales, impulsando la tecnología para responder a los desafíos de las industrias de la animación digital ',
                 'Animacion digital y publicidad',
                 'Implementa técnicas y procesos de producción de actualidad en las industrias de la animación digital y los efectos visuales',
                 '--',
                 10101);
                
INSERT INTO carreras VALUES ('TS011','TURISMO','El Turismo Rural aporta, al perfil del Licenciado en Turismo la oportunidad de experimentar el encuentro con las diferentes formas de vivir de las comunidades que cohabitan en un ambiente rural y además lo sensibiliza sobre el respeto y valor de su identidad cultural',
                 '--',
                 'Promueve el desarrollo sustentable en el turismo fomentando el respeto a la cultura y la naturaleza con un compromiso ético.',
                 '--',
                 10101);



INSERT INTO Semestre VALUES (1001, 'Primero', '2020-2021', 'ISC005');
INSERT INTO Semestre VALUES (1002, 'Segundo', '2020-2021', 'ISC005');
INSERT INTO Semestre VALUES (1003, 'Tercero', '2020-2021', 'ISC005');
INSERT INTO Semestre VALUES (1004, 'Cuarto',  '2020-2021', 'ISC005');
INSERT INTO Semestre VALUES (1005, 'Quinto',  '2020-2021', 'ISC005');
INSERT INTO Semestre VALUES (1006, 'Sexto',   '2020-2021', 'ISC005');
INSERT INTO Semestre VALUES (1007, 'Septimo', '2020-2021', 'ISC005');
INSERT INTO Semestre VALUES (1008, 'Octavo',  '2020-2021', 'ISC005');
INSERT INTO Semestre VALUES (1009, 'Noveno',  '2020-2021', 'ISC005');

 

INSERT INTO Semestre VALUES (1011, 'Primero', '2020-2021', 'IME007');
INSERT INTO Semestre VALUES (1022, 'Segundo', '2020-2021', 'IME007');
INSERT INTO Semestre VALUES (1033, 'Tercero', '2020-2021', 'IME007');
INSERT INTO Semestre VALUES (1044, 'Cuarto',  '2020-2021', 'IME007');
INSERT INTO Semestre VALUES (1055, 'Quinto',  '2020-2021', 'IME007');
INSERT INTO Semestre VALUES (1066, 'Sexto',   '2020-2021', 'IME007');
INSERT INTO Semestre VALUES (1077, 'Septimo', '2020-2021', 'IME007');
INSERT INTO Semestre VALUES (1088, 'Octavo',  '2020-2021', 'IME007');
INSERT INTO Semestre VALUES (1099, 'Noveno',  '2020-2021', 'IME007');

 

INSERT INTO Semestre VALUES (1111, 'Primero', '2020-2021', 'IAD010');
INSERT INTO Semestre VALUES (1222, 'Segundo', '2020-2021', 'IAD010');
INSERT INTO Semestre VALUES (1333, 'Tercero', '2020-2021', 'IAD010');
INSERT INTO Semestre VALUES (1444, 'Cuarto',  '2020-2021', 'IAD010');
INSERT INTO Semestre VALUES (1555, 'Quinto',  '2020-2021', 'IAD010');
INSERT INTO Semestre VALUES (1666, 'Sexto',   '2020-2021', 'IAD010');
INSERT INTO Semestre VALUES (1777, 'Septimo', '2020-2021', 'IAD010');
INSERT INTO Semestre VALUES (1888, 'Octavo',  '2020-2021', 'IAD010');
INSERT INTO Semestre VALUES (1999, 'Noveno',  '2020-2021', 'IAD010');


INSERT INTO GRUPO VALUES (101,'A','LZ-301',1001);
INSERT INTO GRUPO VALUES (102,'A','LZ-302',1001);
INSERT INTO GRUPO VALUES (103,'A','LZ-303',1001);
INSERT INTO GRUPO VALUES (104,'A','LZ-304',1001);
INSERT INTO GRUPO VALUES (105,'A','LZ-305',1001);

 

INSERT INTO GRUPO VALUES (106,'B','IC-101',1001);
INSERT INTO GRUPO VALUES (107,'B','IC-102',1001);
INSERT INTO GRUPO VALUES (108,'B','IC-103',1001);
INSERT INTO GRUPO VALUES (109,'B','IC-104',1001);
INSERT INTO GRUPO VALUES (110,'B','IC-105',1001);

 

INSERT INTO GRUPO VALUES (111,'C','IM-701',1001);
INSERT INTO GRUPO VALUES (112,'C','IM-702',1001);
INSERT INTO GRUPO VALUES (113,'C','IM-703',1001);
INSERT INTO GRUPO VALUES (114,'C','IM-704',1001);
INSERT INTO GRUPO VALUES (115,'C','IM-705',1001);

 

INSERT INTO GRUPO VALUES (116,'D','IF-501',1001);
INSERT INTO GRUPO VALUES (117,'D','IF-502',1001);
INSERT INTO GRUPO VALUES (118,'D','IF-503',1001);
INSERT INTO GRUPO VALUES (119,'D','IF-504',1001);
INSERT INTO GRUPO VALUES (120,'D','IF-505',1001);

INSERT INTO GRUPO VALUES (121,'E','AI-601',1001);
INSERT INTO GRUPO VALUES (122,'E','AI-602',1001);
INSERT INTO GRUPO VALUES (123,'E','AI-603',1001);
INSERT INTO GRUPO VALUES (124,'E','AI-604',1001);
INSERT INTO GRUPO VALUES (125,'E','AI-605',1001);
INSERT INTO GRUPO VALUES (126,'F','L0-201',1001);
INSERT INTO GRUPO VALUES (127,'F','L0-202',1001);
INSERT INTO GRUPO VALUES (128,'F','L0-203',1001);
INSERT INTO GRUPO VALUES (129,'F','L0-204',1001);
INSERT INTO GRUPO VALUES (130,'F','L0-205',1001);
#PAGOS                         
# Registros de la Tabla PAGOS
INSERT INTO PAGOS VALUES (11001, '970000219016255724543393201', 'Inscripción', 3055);
INSERT INTO PAGOS VALUES (11002, '970000219016255724543393202', 'Inscripción', 3055);
INSERT INTO PAGOS VALUES (11003, '970000219016255724543393203', 'Inscripción', 3055);
INSERT INTO PAGOS VALUES (11004, '970000219016255724543393204', 'Inscripción', 3055);
INSERT INTO PAGOS VALUES (11005, '970000219016255724543393205', 'Inscripción', 3055);
INSERT INTO PAGOS VALUES (11006, '970000219016255724543393206', 'Inscripción', 3055);
INSERT INTO PAGOS VALUES (11007, '970000219016255724543393207', 'Inscripción', 3055);
INSERT INTO PAGOS VALUES (11008, '970000219016255724543393208', 'Inscripción', 3055);
INSERT INTO PAGOS VALUES (11009, '970000219016255724543393209', 'Inscripción', 3055);
INSERT INTO PAGOS VALUES (11010, '970000219016255724543393210', 'Inscripción', 3055);
INSERT INTO PAGOS VALUES (11011, '970000219016255724543393211', 'Inscripción', 3055);
INSERT INTO PAGOS VALUES (11012, '970000219016255724543393212', 'Inscripción', 3055);
INSERT INTO PAGOS VALUES (11013, '970000219016255724543393213', 'Inscripción', 3055);
INSERT INTO PAGOS VALUES (11014, '970000219016255724543393214', 'Inscripción', 3055);
INSERT INTO PAGOS VALUES (11015, '970000219016255724543393215', 'Inscripción', 3055);
INSERT INTO PAGOS VALUES (11016, '970000219016255724543393216', 'Inscripción', 3055);
INSERT INTO PAGOS VALUES (11017, '970000219016255724543393217', 'Inscripción', 3055);
INSERT INTO PAGOS VALUES (11018, '970000219016255724543393218', 'Inscripción', 3055);
INSERT INTO PAGOS VALUES (11019, '970000219016255724543393219', 'Inscripción', 3055);
INSERT INTO PAGOS VALUES (11020, '970000219016255724543393220', 'Inscripción', 3055);
INSERT INTO PAGOS VALUES (11021, '970000219016255724543393221', 'Inscripción', 3055);
INSERT INTO PAGOS VALUES (11022, '970000219016255724543393222', 'Inscripción', 3055);
INSERT INTO PAGOS VALUES (11023, '970000219016255724543393223', 'Inscripción', 3055);
INSERT INTO PAGOS VALUES (11024, '970000219016255724543393224', 'Inscripción', 3055);
INSERT INTO PAGOS VALUES (11025, '970000219016255724543393225', 'Inscripción', 3055);
INSERT INTO PAGOS VALUES (11026, '970000219016255724543393226', 'Inscripción', 3055);
INSERT INTO PAGOS VALUES (11027, '970000219016255724543393227', 'Inscripción', 3055);
INSERT INTO PAGOS VALUES (11028, '970000219016255724543393228', 'Inscripción', 3055);
INSERT INTO PAGOS VALUES (11029, '970000219016255724543393229', 'Inscripción', 3055);
INSERT INTO PAGOS VALUES (11030, '970000219016255724543393230', 'Inscripción', 3055);                 
#Pagos constancias
INSERT INTO PAGOS VALUES (18000, '970000219016255724543393900', 'Constancia', 40);
INSERT INTO PAGOS VALUES (18001, '970000219016255724543393901', 'Constancia', 40);
INSERT INTO PAGOS VALUES (18002, '970000219016255724543393902', 'Constancia', 40);
INSERT INTO PAGOS VALUES (18003, '970000219016255724543393903', 'Constancia', 40);
INSERT INTO PAGOS VALUES (18004, '970000219016255724543393904', 'Constancia', 40);
INSERT INTO PAGOS VALUES (18005, '970000219016255724543393905', 'Constancia', 40);
INSERT INTO PAGOS VALUES (18006, '970000219016255724543393906', 'Constancia', 40);
INSERT INTO PAGOS VALUES (18007, '970000219016255724543393907', 'Constancia', 40);
INSERT INTO PAGOS VALUES (18008, '970000219016255724543393908', 'Constancia', 40);
INSERT INTO PAGOS VALUES (18009, '970000219016255724543393909', 'Constancia', 40); 
INSERT INTO PAGOS VALUES (18010, '970000219016255724543393910', 'Constancia', 40);
INSERT INTO PAGOS VALUES (18011, '970000219016255724543393911', 'Constancia', 40);
INSERT INTO PAGOS VALUES (18012, '970000219016255724543393912', 'Constancia', 40);
INSERT INTO PAGOS VALUES (18013, '970000219016255724543393913', 'Constancia', 40);
INSERT INTO PAGOS VALUES (18014, '970000219016255724543393914', 'Constancia', 40);
INSERT INTO PAGOS VALUES (18015, '970000219016255724543393915', 'Constancia', 40);
INSERT INTO PAGOS VALUES (18016, '970000219016255724543393916', 'Constancia', 40);
INSERT INTO PAGOS VALUES (18017, '970000219016255724543393917', 'Constancia', 40);
INSERT INTO PAGOS VALUES (18018, '970000219016255724543393918', 'Constancia', 40);
INSERT INTO PAGOS VALUES (18019, '970000219016255724543393919', 'Constancia', 40);
INSERT INTO PAGOS VALUES (18020, '970000219016255724543393920', 'Constancia', 40);
INSERT INTO PAGOS VALUES (18021, '970000219016255724543393921', 'Constancia', 40);
INSERT INTO PAGOS VALUES (18022, '970000219016255724543393922', 'Constancia', 40);
INSERT INTO PAGOS VALUES (18023, '970000219016255724543393923', 'Constancia', 40);
INSERT INTO PAGOS VALUES (18024, '970000219016255724543393924', 'Constancia', 40);
INSERT INTO PAGOS VALUES (18025, '970000219016255724543393925', 'Constancia', 40);
INSERT INTO PAGOS VALUES (18026, '970000219016255724543393926', 'Constancia', 40);
INSERT INTO PAGOS VALUES (18027, '970000219016255724543393927', 'Constancia', 40);
INSERT INTO PAGOS VALUES (18028, '970000219016255724543393928', 'Constancia', 40);
INSERT INTO PAGOS VALUES (18029, '970000219016255724543393929', 'Constancia', 40); 
#pagos de certificados
INSERT INTO pagos VALUES(14001,'970000219016563152944311721','CERTIFICADO DE ESTUDIOS TOTAL',821);
INSERT INTO pagos VALUES(14002,'970000219016563152944311722','CERTIFICADO DE ESTUDIOS TOTAL',821);
INSERT INTO pagos VALUES(14003,'970000219016563152944311723','CERTIFICADO DE ESTUDIOS TOTAL',821);
INSERT INTO pagos VALUES(14004,'970000219016563152944311724','CERTIFICADO DE ESTUDIOS TOTAL',821);
INSERT INTO pagos VALUES(14005,'970000219016563152944311725','CERTIFICADO DE ESTUDIOS TOTAL',821); 
INSERT INTO pagos VALUES(14006,'970000219016563152944311726','CERTIFICADO DE ESTUDIOS PARCIAL',409);
INSERT INTO pagos VALUES(14007,'970000219016563152944311727','CERTIFICADO DE ESTUDIOS PARCIAL',409);
INSERT INTO pagos VALUES(14008,'970000219016563152944311728','CERTIFICADO DE ESTUDIOS PARCIAL',409);
INSERT INTO pagos VALUES(14009,'970000219016563152944311729','CERTIFICADO DE ESTUDIOS PARCIAL',409);
INSERT INTO pagos VALUES(14010,'970000219016563152944311730','CERTIFICADO DE ESTUDIOS PARCIAL',409);
INSERT INTO pagos VALUES(14020, '970000219016563152944311701','CERTIFICADO DE ESTUDIOS TOTAL', 821);
INSERT INTO pagos VALUES(14011, '970000219016563152944311702','CERTIFICADO DE ESTUDIOS PARCIAL', 409);
INSERT INTO pagos VALUES(14012, '970000219016563152944311703','CERTIFICADO DE ESTUDIOS TOTAL', 821);
INSERT INTO pagos VALUES(14013, '970000219016563152944311704','CERTIFICADO DE ESTUDIOS PARCIAL' , 409);
INSERT INTO pagos VALUES(14014, '970000219016563152944311705','CERTIFICADO DE ESTUDIOS TOTAL' , 821);
INSERT INTO pagos VALUES(14015, '970000219016563152944311706','CERTIFICADO DE ESTUDIOS PARCIAL', 409);
INSERT INTO pagos VALUES(14016, '970000219016563152944311707','CERTIFICADO DE ESTUDIOS TOTAL', 821);
INSERT INTO pagos VALUES(14018, '970000219016563152944311708','CERTIFICADO DE ESTUDIOS PARCIAL', 409);
INSERT INTO pagos VALUES(14017, '970000219016563152944311709','CERTIFICADO DE ESTUDIOS TOTAL', 821);
INSERT INTO pagos VALUES(14019, '970000219016563152944311710','CERTIFICADO DE ESTUDIOS PARCIAL', 409); 
INSERT INTO pagos VALUES(14030, '970000219016563152944311711','CERTIFICADO DE ESTUDIOS PARCIAL', 409);
INSERT INTO pagos VALUES(14021, '970000219016563152944311712','CERTIFICADO DE ESTUDIOS TOTAL', 821);
INSERT INTO pagos VALUES(14022, '970000219016563152944311713','CERTIFICADO DE ESTUDIOS PARCIAL', 409);
INSERT INTO pagos VALUES(14023, '970000219016563152944311714','CERTIFICADO DE ESTUDIOS TOTAL', 821);
INSERT INTO pagos VALUES(14024, '970000219016563152944311715','CERTIFICADO DE ESTUDIOS PARCIAL',409);
INSERT INTO pagos VALUES(14025, '970000219016563152944311716','CERTIFICADO DE ESTUDIOS TOTAL' , 821);
INSERT INTO pagos VALUES(14026, '970000219016563152944311717','CERTIFICADO DE ESTUDIOS PARCIAL', 409);
INSERT INTO pagos VALUES(14027, '970000219016563152944311718','CERTIFICADO DE ESTUDIOS TOTAL', 821);
INSERT INTO pagos VALUES(14028, '970000219016563152944311719','CERTIFICADO DE ESTUDIOS PARCIAL', 409);
INSERT INTO pagos VALUES(14029, '970000219016563152944311720','CERTIFICADO DE ESTUDIOS TOTAL', 821);
 #registros de tabla pagos de examen
INSERT INTO PAGOS VALUES(12001,'97000121901500000000','Examen de Admision',469);
INSERT INTO PAGOS VALUES(12002,'97000121901500100000','Examen de Admision',469);
INSERT INTO PAGOS VALUES(12003,'97000121901500200000','Examen de Admision',469);
INSERT INTO PAGOS VALUES(12004,'97000121901500300000','Examen de Admision',469);
INSERT INTO PAGOS VALUES(12005,'97000121901500400000','Examen de Admision',469);
INSERT INTO PAGOS VALUES(12006,'97000121901500500000','Examen de Admision',469);
INSERT INTO PAGOS VALUES(12007,'97000121901500600000','Examen de Admision',469);
INSERT INTO PAGOS VALUES(12008,'97000121901500700000','Examen de Admision',469);
INSERT INTO PAGOS VALUES(12009,'97000121901500800000','Examen de Admision',469);
INSERT INTO PAGOS VALUES(12010,'97000121901500900000','Examen de Admision',469);
INSERT INTO PAGOS VALUES(12011,'97000121901501000000','Examen de Admision',469);
INSERT INTO PAGOS VALUES(12012,'97000121901501100000','Examen de Admision',469);
INSERT INTO PAGOS VALUES(12013,'97000121901501200000','Examen de Admision',469);
INSERT INTO PAGOS VALUES(12014,'97000121901501300000','Examen de Admision',469);
INSERT INTO PAGOS VALUES(12015,'97000121901501400000','Examen de Admision',469);
INSERT INTO PAGOS VALUES(12016,'97000121901501500000','Examen de Admision',469);
INSERT INTO PAGOS VALUES(12017,'97000121901501600000','Examen de Admision',469);
INSERT INTO PAGOS VALUES(12018,'97000121901501700000','Examen de Admision',469);
INSERT INTO PAGOS VALUES(12019,'97000121901501800000','Examen de Admision',469);
INSERT INTO PAGOS VALUES(12020,'97000121901501900000','Examen de Admision',469);
INSERT INTO PAGOS VALUES(12021,'97000121901502000000','Examen de Admision',469);
INSERT INTO PAGOS VALUES(12022,'97000121901502100000','Examen de Admision',469);
INSERT INTO PAGOS VALUES(12023,'97000121901502200000','Examen de Admision',469);
INSERT INTO PAGOS VALUES(12024,'97000121901502300000','Examen de Admision',469);
INSERT INTO PAGOS VALUES(12025,'97000121901502400000','Examen de Admision',469);
INSERT INTO PAGOS VALUES(12026,'97000121901502500000','Examen de Admision',469);
INSERT INTO PAGOS VALUES(12027,'97000121901502600000','Examen de Admision',469);
INSERT INTO PAGOS VALUES(12028,'97000121901502700000','Examen de Admision',469);
INSERT INTO PAGOS VALUES(12029,'97000121901502800000','Examen de Admision',469);
INSERT INTO PAGOS VALUES(12030,'97000121901502900000','Examen de Admision',469);
INSERT INTO PAGOS VALUES (20001, '970000219016255724543393231', 'Recursamiento por Creditos', 79);
INSERT INTO PAGOS VALUES (20002, '970000219016255724543393232', 'Recursamiento por Creditos', 79);
INSERT INTO PAGOS VALUES (20003, '970000219016255724543393233', 'Recursamiento por Creditos', 79);
INSERT INTO PAGOS VALUES (20004, '970000219016255724543393234', 'Recursamiento por Creditos', 79);
INSERT INTO PAGOS VALUES (20005, '970000219016255724543393235', 'Recursamiento por Creditos', 79);
INSERT INTO PAGOS VALUES (20006, '970000219016255724543393236', 'Recursamiento por Creditos', 79);
INSERT INTO PAGOS VALUES (20007, '970000219016255724543393237', 'Recursamiento por Creditos', 79);
INSERT INTO PAGOS VALUES (20008, '970000219016255724543393238', 'Recursamiento por Creditos', 79);
INSERT INTO PAGOS VALUES (20009, '970000219016255724543393239', 'Recursamiento por Creditos', 79);
INSERT INTO PAGOS VALUES (20010, '970000219016255724543393240', 'Recursamiento por Creditos', 79);
INSERT INTO PAGOS VALUES (40001, '970000219016255724543393241', 'CURSO ESPECIAL', 79);
INSERT INTO PAGOS VALUES (40002, '970000219016255724543393242', 'CURSO ESPECIAL', 79);
INSERT INTO PAGOS VALUES (40003, '970000219016255724543393243', 'CURSO ESPECIAL', 79);
INSERT INTO PAGOS VALUES (40004, '970000219016255724543393244', 'CURSO ESPECIAL', 79);
INSERT INTO PAGOS VALUES ( 30001 , '970000219016255724543393251' , 'PAGO SEGURO' , 99);
INSERT INTO PAGOS VALUES ( 30002 , '970000219016255724543393252' , 'PAGO SEGURO' , 99);
INSERT INTO PAGOS VALUES ( 30003 , '970000219016255724543393253' , 'PAGO SEGURO' , 99);
INSERT INTO PAGOS VALUES ( 30004 , '970000219016255724543393254' , 'PAGO SEGURO' , 99);
INSERT INTO PAGOS VALUES ( 30005 , '970000219016255724543393255' , 'PAGO SEGURO' , 99);
INSERT INTO PAGOS VALUES ( 30006 , '970000219016255724543393256' , 'PAGO SEGURO' , 99);
INSERT INTO PAGOS VALUES ( 30007 , '970000219016255724543393257' , 'PAGO SEGURO' , 99);
INSERT INTO PAGOS VALUES ( 30008 , '970000219016255724543393258' , 'PAGO SEGURO' , 99);
INSERT INTO PAGOS VALUES ( 30009 , '970000219016255724543393259' , 'PAGO SEGURO' , 99);
INSERT INTO PAGOS VALUES ( 30010 , '970000219016255724543393260' , 'PAGO SEGURO' , 99);
INSERT INTO PAGOS VALUES ( 30011 , '970000219016255724543393261' , 'PAGO SEGURO' , 99);
INSERT INTO PAGOS VALUES ( 30012 , '970000219016255724543393262' , 'PAGO SEGURO' , 99);
INSERT INTO PAGOS VALUES ( 30013 , '970000219016255724543393263' , 'PAGO SEGURO' , 99);
INSERT INTO PAGOS VALUES ( 30014 , '970000219016255724543393264' , 'PAGO SEGURO' , 99);
INSERT INTO PAGOS VALUES ( 30015 , '970000219016255724543393265' , 'PAGO SEGURO' , 99);
INSERT INTO PAGOS VALUES ( 30016 , '970000219016255724543393266' , 'PAGO SEGURO' , 99);
INSERT INTO PAGOS VALUES ( 30017 , '970000219016255724543393267' , 'PAGO SEGURO' , 99);
INSERT INTO PAGOS VALUES ( 30018 , '970000219016255724543393268' , 'PAGO SEGURO' , 99);
INSERT INTO PAGOS VALUES ( 30019 , '970000219016255724543393269' , 'PAGO SEGURO' , 99);
INSERT INTO PAGOS VALUES ( 30020 , '970000219016255724543393270' , 'PAGO SEGURO' , 99);
INSERT INTO PAGOS VALUES ( 30021 , '970000219016255724543393271' , 'PAGO SEGURO' , 99);
INSERT INTO PAGOS VALUES ( 30022 , '970000219016255724543393272' , 'PAGO SEGURO' , 99);
INSERT INTO PAGOS VALUES ( 30023 , '970000219016255724543393273' , 'PAGO SEGURO' , 99);
INSERT INTO PAGOS VALUES ( 30024 , '970000219016255724543393274' , 'PAGO SEGURO' , 99);
INSERT INTO PAGOS VALUES ( 30025 , '970000219016255724543393275' , 'PAGO SEGURO' , 99);
INSERT INTO PAGOS VALUES ( 30026 , '970000219016255724543393276' , 'PAGO SEGURO' , 99);
INSERT INTO PAGOS VALUES ( 30027 , '970000219016255724543393277' , 'PAGO SEGURO' , 99);
INSERT INTO PAGOS VALUES ( 30028 , '970000219016255724543393278' , 'PAGO SEGURO' , 99);
INSERT INTO PAGOS VALUES ( 30029 , '970000219016255724543393279' , 'PAGO SEGURO' , 99);
INSERT INTO PAGOS VALUES ( 30030 , '970000219016255724543393280' , 'PAGO SEGURO' , 99); 