
INSERT INTO institucion VALUES (10101,'453452312212323', 'Tecnológico de Estudios Superiores de Jocotitlán', 'Jocotitlán', '5564334568', 'tesjo@gmail.com');
INSERT INTO institucion VALUES (10110,'157T23423MN3223', 'Tecnológico de Estudios Superiores de Jilotepec', 'Jilotepec', '5564334561', 'tesji@gmail.com');
INSERT INTO institucion VALUES (10111,'893481023F52J32','Tecnológico de Estudios Superiores de Toluca', 'Toluca', '5564334562', 'testo@gmail.com');
INSERT INTO institucion VALUES (11000,'TESSFP342345235', 'Tecnológico de Estudios Superiores de San Felipe del Progreso', 'San Felipe del Progreso', '5564334564', 'tesfe@gmail.com');


INSERT INTO carreras VALUES ('IGE001','INGENIERIA EN GESTION EMPRESARIAL','Formar integralmente profesionales que contribuyan a la gestión de empresas e innovación de procesos; así como al diseño, implementación y desarrollo de sistemas estratégicos de negocios',
                'Desarrollo de negocios e innovacion de procesos en las organizaciones',
                'Desarrollar y aplicar habilidades directivas y la ingeniería en el diseño, creación, gestión, desarrollo, fortalecimiento e innovación de las organizaciones, con una orientación sistémica y sustentable para la toma de decisiones en forma efectiva',
                'podrá desempeñar eficientemente funciones derivadas del área de producción, finanzas, recursos humanos, mercadotecnia y auditoría, asimismo podrá fungir como asesor o consultor de empresas, encargarse de la administración y gestión de empresas, públicas y privadas',
                10101);
               
INSERT INTO carreras VALUES ('LA002','LICENCIATURA EN ARQUITECTURA', 'Formar profesionistas líderes con excelencia académica y humanística capaces de diseñar y construir el hábitat humano y participar en la toma de decisiones inherentes al mismo, con vocación de servicio a la sociedad, dentro de un marco de sustentabilidad',
                '--',
                'Realiza, en su totalidad, el proceso del proyecto arquitectónico y urbano, así como su construcción, sus aspectos teórico-prácticos  con una visión crítica  e innovadora, dentro de un marco de calidad  como satisfactor de un desarrollo comunitario y personal',
                'profesional que puede laboral en instituciones públicas o privadas, en la micro, mediana o en grandes empresas; así mismo, desempeñarse en diversas áreas  de aplicación de proyectos arquitectónicos y Urbanos',
                10101);
               
INSERT INTO carreras VALUES ('LC003','LICENCIATURA EN CONTADURIA',  'formar profesionalitas de la contaduria, capaces de diseñar, establecer,aplicar, controlar y evaluar sistemas de informacion contable, administrativa,financiera y fiscal',
                'Fiscal financiera',
                'Domina y aplica los principios de contabilidad generalmente aceptados, las normas y procedimientos  de auditorías nacionales e internacionales.Diseña, asesora y propone estrategias que permitan la toma de decisiones  de inversión y financiamiento, así como subestaciones eléctricas  e instalaciones de alta y baja tensión.
                 Analiza e interpreta  y aplica las leyes fiscales, mercantiles, civiles, laborales y ambientales',
                'profesional que puede laborar en todo tipo de organizaciones nacionales e internacionales, áreas industriales y de servicio, del sector público y privado; ocupando niveles gerenciales o directivos desarrollando sistemas de información financiera para una adecuada toma de decisiones',
                10101);
               
INSERT INTO carreras VALUES ('LIE004','LICENCIATURA EN INGENIERIA ELECTROMECANICA',' Formar profesionistas de excelencia en Ingeniería Electromecánica, con actitud emprendedora, con liderazgo y capacidad de: analizar, diagnosticar, diseñar, seleccionar, instalar, administrar, mantener e innovar sistemas electromecánicos, en forma eficiente, segura y económica',
                 'Automatizacion industrial',
                 'Diseña, selecciona, instala y supervisa sistemas electro-neumáticos y electro-hidráulicos, sistemas de control lógico programable y control numérico.',
                 'profesional que puede  desempeñarse en todo de industria u organizaciones: administrando, desarrollando proyectos y manteniendo los equipos en condiciones óptimos de operación',
                 10101);
                
INSERT INTO carreras VALUES ('ISC005','INGENIERIA EN SISTEMAS COMPUTACIONALES', 'Formar profesionistas de manera integral con capacidad analítica, crítica, creativa y de liderazgo que aporten soluciones computacionales en las organizaciones, aplicando las tecnologías de información y de las comunicaciones',
                 'Sistemas distribuidos',
                 'Posee una visión empresarial y detecta áreas de oportunidad para aprender y desarrollar proyectos aplicado las tecnologías de información  y de las  comunicaciones.Desarrolla y administra sistemas de información, redes de computadoras y aplicaciones distribuidas.Analiza, desarrolla y programa modelos matemáticos, estadísticos y de simulación.',
                 'profesional que puede laborar en todo tipo de organizaciones, administrando centros de procesamiento electrónico de datos y solucionando problemas administrativos y científicos.',
                 10101);
                
INSERT INTO carreras VALUES ('II006','INGENIERIA INDUSTRIAL', 'Formar profesionales que contribuyan al desarrollo sustentable, con una visión sistemática, que responda a los retos que presentan los constantes cambios, en los sistemas de producción de bienes y servicios en el entorno global',
                 ' sistemas de manufactura',
                 ' Diseña, implementa, administra y mejora sistemas integrados de abastecimiento, producción y distribución de organizaciones productoras de bienes y servicios, de forma sustentable y considerando las normas nacionales e internacionales.',
                 'profesional que puede laborar en instituciones públicas o privadas en micro, mediana o en grandes empresas; así mismo, desempeñarse en diversas áreas de aplicación de la ingeniería  industrial.',
                 10101);
                
INSERT INTO carreras VALUES ('IME007','INGENIERIA MECATRONICA',' Formar profesionistas de la ingeniería con una base científica, tecnológica y humanística capaces de desarrollar, mantener e innovar sistemas, procesos y productos industriales y de servicios con un enfoque mecatrónico',
                 'Automatizacion  en sistemas de produccion',
                 'Proyecta, diseña, simula y construye sistemas, procesos, equipos y productos mecatrónicos.',
                 'profesional que puede laborar en instituciones del área industrial, la investigación y el desarrollo tecnológico.',
                 10101);
                
INSERT INTO carreras VALUES ('IQ008','INGENIERIA QUIMICA','Formar profesionistas en Ingeniería Química competentes para investigar, generar y aplicar el conocimiento científico y tecnológico, que le permita identificar y resolver problemas de diseño, operación, adaptación, optimización y administración en industrias químicas',
                 'Gestion ambiental',
                 'Diseña, selecciona, opera, optimiza y controla procesos en industrias químicas y de servicios con base en el desarrollo tecnológico de acuerdo a las normas de higiene y seguridad, de manera sustentable.',
                 'puede integrarse con éxito en empresas públicas y privadas, en laboratorios de investigación así como en industrias extractivas, de transformación y de procesos químicos',
                 10101);
                
INSERT INTO carreras VALUES ('IMT009','INGENIERIA EN MATERIALES','Formar profesionales éticos competentes con capacidad de liderazgo, actitud emprendedora y creativa para diseñar, investigar, desarrollar, controlar, innovar y solucionar problemas, en la ingeniería y tecnología de los materiales tradicionales, avanzados, biomateriales y nanomateriales ',
                 'Desarrollo e innovacion de materiales funcionalizados',
                 'Aplicar los conocimientos para optimizar los procesos de obtención, transformación y fabricación  de los materiales poliméricos, metálicos, cerámicos, compuestos, biomateriales y nanomateriales.',
                 'La industria del plástico (polímeros),La industria del aluminio,La industria de la cerámica',
                 10101);
                
INSERT INTO carreras VALUES ('IAD010','INGENIERIA EN ANIMACION DIGITAL','Formar profesionistas capaces de adaptar, desarrollar y aplicar recursos tecnológicos en la producción de animación digital y efectos visuales, impulsando la tecnología para responder a los desafíos de las industrias de la animación digital ',
                 'Animacion digital y publicidad',
                 'Implementa técnicas y procesos de producción de actualidad en las industrias de la animación digital y los efectos visuales',
                 '--',
                 10101);
                
INSERT INTO carreras VALUES ('TS011','TURISMO','El Turismo Rural aporta, al perfil del Licenciado en Turismo la oportunidad de experimentar el encuentro con las diferentes formas de vivir de las comunidades que cohabitan en un ambiente rural y además lo sensibiliza sobre el respeto y valor de su identidad cultural',
                 '--',
                 'Promueve el desarrollo sustentable en el turismo fomentando el respeto a la cultura y la naturaleza con un compromiso ético.',
                 '--',
                 10101);



INSERT INTO Semestre VALUES (1001, 'Primero', '2020-2021', 'ISC005');
INSERT INTO Semestre VALUES (1002, 'Segundo', '2020-2021', 'ISC005');
INSERT INTO Semestre VALUES (1003, 'Tercero', '2020-2021', 'ISC005');
INSERT INTO Semestre VALUES (1004, 'Cuarto',  '2020-2021', 'ISC005');
INSERT INTO Semestre VALUES (1005, 'Quinto',  '2020-2021', 'ISC005');
INSERT INTO Semestre VALUES (1006, 'Sexto',   '2020-2021', 'ISC005');
INSERT INTO Semestre VALUES (1007, 'Septimo', '2020-2021', 'ISC005');
INSERT INTO Semestre VALUES (1008, 'Octavo',  '2020-2021', 'ISC005');
INSERT INTO Semestre VALUES (1009, 'Noveno',  '2020-2021', 'ISC005');

 

INSERT INTO Semestre VALUES (1011, 'Primero', '2020-2021', 'IME007');
INSERT INTO Semestre VALUES (1022, 'Segundo', '2020-2021', 'IME007');
INSERT INTO Semestre VALUES (1033, 'Tercero', '2020-2021', 'IME007');
INSERT INTO Semestre VALUES (1044, 'Cuarto',  '2020-2021', 'IME007');
INSERT INTO Semestre VALUES (1055, 'Quinto',  '2020-2021', 'IME007');
INSERT INTO Semestre VALUES (1066, 'Sexto',   '2020-2021', 'IME007');
INSERT INTO Semestre VALUES (1077, 'Septimo', '2020-2021', 'IME007');
INSERT INTO Semestre VALUES (1088, 'Octavo',  '2020-2021', 'IME007');
INSERT INTO Semestre VALUES (1099, 'Noveno',  '2020-2021', 'IME007');

 

INSERT INTO Semestre VALUES (1111, 'Primero', '2020-2021', 'IAD010');
INSERT INTO Semestre VALUES (1222, 'Segundo', '2020-2021', 'IAD010');
INSERT INTO Semestre VALUES (1333, 'Tercero', '2020-2021', 'IAD010');
INSERT INTO Semestre VALUES (1444, 'Cuarto',  '2020-2021', 'IAD010');
INSERT INTO Semestre VALUES (1555, 'Quinto',  '2020-2021', 'IAD010');
INSERT INTO Semestre VALUES (1666, 'Sexto',   '2020-2021', 'IAD010');
INSERT INTO Semestre VALUES (1777, 'Septimo', '2020-2021', 'IAD010');
INSERT INTO Semestre VALUES (1888, 'Octavo',  '2020-2021', 'IAD010');
INSERT INTO Semestre VALUES (1999, 'Noveno',  '2020-2021', 'IAD010');


INSERT INTO GRUPO VALUES (101,'A','LZ-301',1001);
INSERT INTO GRUPO VALUES (102,'A','LZ-302',1001);
INSERT INTO GRUPO VALUES (103,'A','LZ-303',1001);
INSERT INTO GRUPO VALUES (104,'A','LZ-304',1001);
INSERT INTO GRUPO VALUES (105,'A','LZ-305',1001);

 

INSERT INTO GRUPO VALUES (106,'B','IC-101',1001);
INSERT INTO GRUPO VALUES (107,'B','IC-102',1001);
INSERT INTO GRUPO VALUES (108,'B','IC-103',1001);
INSERT INTO GRUPO VALUES (109,'B','IC-104',1001);
INSERT INTO GRUPO VALUES (110,'B','IC-105',1001);

 

INSERT INTO GRUPO VALUES (111,'C','IM-701',1001);
INSERT INTO GRUPO VALUES (112,'C','IM-702',1001);
INSERT INTO GRUPO VALUES (113,'C','IM-703',1001);
INSERT INTO GRUPO VALUES (114,'C','IM-704',1001);
INSERT INTO GRUPO VALUES (115,'C','IM-705',1001);

 

INSERT INTO GRUPO VALUES (116,'D','IF-501',1001);
INSERT INTO GRUPO VALUES (117,'D','IF-502',1001);
INSERT INTO GRUPO VALUES (118,'D','IF-503',1001);
INSERT INTO GRUPO VALUES (119,'D','IF-504',1001);
INSERT INTO GRUPO VALUES (120,'D','IF-505',1001);

INSERT INTO GRUPO VALUES (121,'E','AI-601',1001);
INSERT INTO GRUPO VALUES (122,'E','AI-602',1001);
INSERT INTO GRUPO VALUES (123,'E','AI-603',1001);
INSERT INTO GRUPO VALUES (124,'E','AI-604',1001);
INSERT INTO GRUPO VALUES (125,'E','AI-605',1001);
INSERT INTO GRUPO VALUES (126,'F','L0-201',1001);
INSERT INTO GRUPO VALUES (127,'F','L0-202',1001);
INSERT INTO GRUPO VALUES (128,'F','L0-203',1001);
INSERT INTO GRUPO VALUES (129,'F','L0-204',1001);
INSERT INTO GRUPO VALUES (130,'F','L0-205',1001);

INSERT INTO PAGOS VALUES (11001, '970000219016255724543393201', 'Inscripción', 3055);
INSERT INTO PAGOS VALUES (11002, '970000219016255724543393202', 'Inscripción', 3055);
INSERT INTO PAGOS VALUES (11003, '970000219016255724543393203', 'Inscripción', 3055);
INSERT INTO PAGOS VALUES (11004, '970000219016255724543393204', 'Inscripción', 3055);
INSERT INTO PAGOS VALUES (11005, '970000219016255724543393205', 'Inscripción', 3055);
INSERT INTO PAGOS VALUES (11006, '970000219016255724543393206', 'Inscripción', 3055);
INSERT INTO PAGOS VALUES (11007, '970000219016255724543393207', 'Inscripción', 3055);
INSERT INTO PAGOS VALUES (11008, '970000219016255724543393208', 'Inscripción', 3055);
INSERT INTO PAGOS VALUES (11009, '970000219016255724543393209', 'Inscripción', 3055);
INSERT INTO PAGOS VALUES (11010, '970000219016255724543393210', 'Inscripción', 3055);
INSERT INTO PAGOS VALUES (11011, '970000219016255724543393211', 'Inscripción', 3055);
INSERT INTO PAGOS VALUES (11012, '970000219016255724543393212', 'Inscripción', 3055);
INSERT INTO PAGOS VALUES (11013, '970000219016255724543393213', 'Inscripción', 3055);
INSERT INTO PAGOS VALUES (11014, '970000219016255724543393214', 'Inscripción', 3055);
INSERT INTO PAGOS VALUES (11015, '970000219016255724543393215', 'Inscripción', 3055);
INSERT INTO PAGOS VALUES (11016, '970000219016255724543393216', 'Inscripción', 3055);
INSERT INTO PAGOS VALUES (11017, '970000219016255724543393217', 'Inscripción', 3055);
INSERT INTO PAGOS VALUES (11018, '970000219016255724543393218', 'Inscripción', 3055);
INSERT INTO PAGOS VALUES (11019, '970000219016255724543393219', 'Inscripción', 3055);
INSERT INTO PAGOS VALUES (11020, '970000219016255724543393220', 'Inscripción', 3055);
INSERT INTO PAGOS VALUES (11021, '970000219016255724543393221', 'Inscripción', 3055);
INSERT INTO PAGOS VALUES (11022, '970000219016255724543393222', 'Inscripción', 3055);
INSERT INTO PAGOS VALUES (11023, '970000219016255724543393223', 'Inscripción', 3055);
INSERT INTO PAGOS VALUES (11024, '970000219016255724543393224', 'Inscripción', 3055);
INSERT INTO PAGOS VALUES (11025, '970000219016255724543393225', 'Inscripción', 3055);
INSERT INTO PAGOS VALUES (11026, '970000219016255724543393226', 'Inscripción', 3055);
INSERT INTO PAGOS VALUES (11027, '970000219016255724543393227', 'Inscripción', 3055);
INSERT INTO PAGOS VALUES (11028, '970000219016255724543393228', 'Inscripción', 3055);
INSERT INTO PAGOS VALUES (11029, '970000219016255724543393229', 'Inscripción', 3055);
INSERT INTO PAGOS VALUES (11030, '970000219016255724543393230', 'Inscripción', 3055);                 

INSERT INTO PAGOS VALUES (18000, '970000219016255724543393900', 'Constancia', 40);
INSERT INTO PAGOS VALUES (18001, '970000219016255724543393901', 'Constancia', 40);
INSERT INTO PAGOS VALUES (18002, '970000219016255724543393902', 'Constancia', 40);
INSERT INTO PAGOS VALUES (18003, '970000219016255724543393903', 'Constancia', 40);
INSERT INTO PAGOS VALUES (18004, '970000219016255724543393904', 'Constancia', 40);
INSERT INTO PAGOS VALUES (18005, '970000219016255724543393905', 'Constancia', 40);
INSERT INTO PAGOS VALUES (18006, '970000219016255724543393906', 'Constancia', 40);
INSERT INTO PAGOS VALUES (18007, '970000219016255724543393907', 'Constancia', 40);
INSERT INTO PAGOS VALUES (18008, '970000219016255724543393908', 'Constancia', 40);
INSERT INTO PAGOS VALUES (18009, '970000219016255724543393909', 'Constancia', 40); 
INSERT INTO PAGOS VALUES (18010, '970000219016255724543393910', 'Constancia', 40);
INSERT INTO PAGOS VALUES (18011, '970000219016255724543393911', 'Constancia', 40);
INSERT INTO PAGOS VALUES (18012, '970000219016255724543393912', 'Constancia', 40);
INSERT INTO PAGOS VALUES (18013, '970000219016255724543393913', 'Constancia', 40);
INSERT INTO PAGOS VALUES (18014, '970000219016255724543393914', 'Constancia', 40);
INSERT INTO PAGOS VALUES (18015, '970000219016255724543393915', 'Constancia', 40);
INSERT INTO PAGOS VALUES (18016, '970000219016255724543393916', 'Constancia', 40);
INSERT INTO PAGOS VALUES (18017, '970000219016255724543393917', 'Constancia', 40);
INSERT INTO PAGOS VALUES (18018, '970000219016255724543393918', 'Constancia', 40);
INSERT INTO PAGOS VALUES (18019, '970000219016255724543393919', 'Constancia', 40);
INSERT INTO PAGOS VALUES (18020, '970000219016255724543393920', 'Constancia', 40);
INSERT INTO PAGOS VALUES (18021, '970000219016255724543393921', 'Constancia', 40);
INSERT INTO PAGOS VALUES (18022, '970000219016255724543393922', 'Constancia', 40);
INSERT INTO PAGOS VALUES (18023, '970000219016255724543393923', 'Constancia', 40);
INSERT INTO PAGOS VALUES (18024, '970000219016255724543393924', 'Constancia', 40);
INSERT INTO PAGOS VALUES (18025, '970000219016255724543393925', 'Constancia', 40);
INSERT INTO PAGOS VALUES (18026, '970000219016255724543393926', 'Constancia', 40);
INSERT INTO PAGOS VALUES (18027, '970000219016255724543393927', 'Constancia', 40);
INSERT INTO PAGOS VALUES (18028, '970000219016255724543393928', 'Constancia', 40);
INSERT INTO PAGOS VALUES (18029, '970000219016255724543393929', 'Constancia', 40); 

INSERT INTO pagos VALUES(14001,'970000219016563152944311721','CERTIFICADO DE ESTUDIOS TOTAL',821);
INSERT INTO pagos VALUES(14002,'970000219016563152944311722','CERTIFICADO DE ESTUDIOS TOTAL',821);
INSERT INTO pagos VALUES(14003,'970000219016563152944311723','CERTIFICADO DE ESTUDIOS TOTAL',821);
INSERT INTO pagos VALUES(14004,'970000219016563152944311724','CERTIFICADO DE ESTUDIOS TOTAL',821);
INSERT INTO pagos VALUES(14005,'970000219016563152944311725','CERTIFICADO DE ESTUDIOS TOTAL',821); 
INSERT INTO pagos VALUES(14006,'970000219016563152944311726','CERTIFICADO DE ESTUDIOS PARCIAL',409);
INSERT INTO pagos VALUES(14007,'970000219016563152944311727','CERTIFICADO DE ESTUDIOS PARCIAL',409);
INSERT INTO pagos VALUES(14008,'970000219016563152944311728','CERTIFICADO DE ESTUDIOS PARCIAL',409);
INSERT INTO pagos VALUES(14009,'970000219016563152944311729','CERTIFICADO DE ESTUDIOS PARCIAL',409);
INSERT INTO pagos VALUES(14010,'970000219016563152944311730','CERTIFICADO DE ESTUDIOS PARCIAL',409);
INSERT INTO pagos VALUES(14020, '970000219016563152944311701','CERTIFICADO DE ESTUDIOS TOTAL', 821);
INSERT INTO pagos VALUES(14011, '970000219016563152944311702','CERTIFICADO DE ESTUDIOS PARCIAL', 409);
INSERT INTO pagos VALUES(14012, '970000219016563152944311703','CERTIFICADO DE ESTUDIOS TOTAL', 821);
INSERT INTO pagos VALUES(14013, '970000219016563152944311704','CERTIFICADO DE ESTUDIOS PARCIAL' , 409);
INSERT INTO pagos VALUES(14014, '970000219016563152944311705','CERTIFICADO DE ESTUDIOS TOTAL' , 821);
INSERT INTO pagos VALUES(14015, '970000219016563152944311706','CERTIFICADO DE ESTUDIOS PARCIAL', 409);
INSERT INTO pagos VALUES(14016, '970000219016563152944311707','CERTIFICADO DE ESTUDIOS TOTAL', 821);
INSERT INTO pagos VALUES(14018, '970000219016563152944311708','CERTIFICADO DE ESTUDIOS PARCIAL', 409);
INSERT INTO pagos VALUES(14017, '970000219016563152944311709','CERTIFICADO DE ESTUDIOS TOTAL', 821);
INSERT INTO pagos VALUES(14019, '970000219016563152944311710','CERTIFICADO DE ESTUDIOS PARCIAL', 409); 
INSERT INTO pagos VALUES(14030, '970000219016563152944311711','CERTIFICADO DE ESTUDIOS PARCIAL', 409);
INSERT INTO pagos VALUES(14021, '970000219016563152944311712','CERTIFICADO DE ESTUDIOS TOTAL', 821);
INSERT INTO pagos VALUES(14022, '970000219016563152944311713','CERTIFICADO DE ESTUDIOS PARCIAL', 409);
INSERT INTO pagos VALUES(14023, '970000219016563152944311714','CERTIFICADO DE ESTUDIOS TOTAL', 821);
INSERT INTO pagos VALUES(14024, '970000219016563152944311715','CERTIFICADO DE ESTUDIOS PARCIAL',409);
INSERT INTO pagos VALUES(14025, '970000219016563152944311716','CERTIFICADO DE ESTUDIOS TOTAL' , 821);
INSERT INTO pagos VALUES(14026, '970000219016563152944311717','CERTIFICADO DE ESTUDIOS PARCIAL', 409);
INSERT INTO pagos VALUES(14027, '970000219016563152944311718','CERTIFICADO DE ESTUDIOS TOTAL', 821);
INSERT INTO pagos VALUES(14028, '970000219016563152944311719','CERTIFICADO DE ESTUDIOS PARCIAL', 409);
INSERT INTO pagos VALUES(14029, '970000219016563152944311720','CERTIFICADO DE ESTUDIOS TOTAL', 821);
 #registros de tabla pagos de examen
INSERT INTO PAGOS VALUES(12001,'97000121901500000000','Examen de Admision',469);
INSERT INTO PAGOS VALUES(12002,'97000121901500100000','Examen de Admision',469);
INSERT INTO PAGOS VALUES(12003,'97000121901500200000','Examen de Admision',469);
INSERT INTO PAGOS VALUES(12004,'97000121901500300000','Examen de Admision',469);
INSERT INTO PAGOS VALUES(12005,'97000121901500400000','Examen de Admision',469);
INSERT INTO PAGOS VALUES(12006,'97000121901500500000','Examen de Admision',469);
INSERT INTO PAGOS VALUES(12007,'97000121901500600000','Examen de Admision',469);
INSERT INTO PAGOS VALUES(12008,'97000121901500700000','Examen de Admision',469);
INSERT INTO PAGOS VALUES(12009,'97000121901500800000','Examen de Admision',469);
INSERT INTO PAGOS VALUES(12010,'97000121901500900000','Examen de Admision',469);
INSERT INTO PAGOS VALUES(12011,'97000121901501000000','Examen de Admision',469);
INSERT INTO PAGOS VALUES(12012,'97000121901501100000','Examen de Admision',469);
INSERT INTO PAGOS VALUES(12013,'97000121901501200000','Examen de Admision',469);
INSERT INTO PAGOS VALUES(12014,'97000121901501300000','Examen de Admision',469);
INSERT INTO PAGOS VALUES(12015,'97000121901501400000','Examen de Admision',469);
INSERT INTO PAGOS VALUES(12016,'97000121901501500000','Examen de Admision',469);
INSERT INTO PAGOS VALUES(12017,'97000121901501600000','Examen de Admision',469);
INSERT INTO PAGOS VALUES(12018,'97000121901501700000','Examen de Admision',469);
INSERT INTO PAGOS VALUES(12019,'97000121901501800000','Examen de Admision',469);
INSERT INTO PAGOS VALUES(12020,'97000121901501900000','Examen de Admision',469);
INSERT INTO PAGOS VALUES(12021,'97000121901502000000','Examen de Admision',469);
INSERT INTO PAGOS VALUES(12022,'97000121901502100000','Examen de Admision',469);
INSERT INTO PAGOS VALUES(12023,'97000121901502200000','Examen de Admision',469);
INSERT INTO PAGOS VALUES(12024,'97000121901502300000','Examen de Admision',469);
INSERT INTO PAGOS VALUES(12025,'97000121901502400000','Examen de Admision',469);
INSERT INTO PAGOS VALUES(12026,'97000121901502500000','Examen de Admision',469);
INSERT INTO PAGOS VALUES(12027,'97000121901502600000','Examen de Admision',469);
INSERT INTO PAGOS VALUES(12028,'97000121901502700000','Examen de Admision',469);
INSERT INTO PAGOS VALUES(12029,'97000121901502800000','Examen de Admision',469);
INSERT INTO PAGOS VALUES(12030,'97000121901502900000','Examen de Admision',469);
INSERT INTO PAGOS VALUES (20001, '970000219016255724543393231', 'Recursamiento por Creditos', 79);
INSERT INTO PAGOS VALUES (20002, '970000219016255724543393232', 'Recursamiento por Creditos', 79);
INSERT INTO PAGOS VALUES (20003, '970000219016255724543393233', 'Recursamiento por Creditos', 79);
INSERT INTO PAGOS VALUES (20004, '970000219016255724543393234', 'Recursamiento por Creditos', 79);
INSERT INTO PAGOS VALUES (20005, '970000219016255724543393235', 'Recursamiento por Creditos', 79);
INSERT INTO PAGOS VALUES (20006, '970000219016255724543393236', 'Recursamiento por Creditos', 79);
INSERT INTO PAGOS VALUES (20007, '970000219016255724543393237', 'Recursamiento por Creditos', 79);
INSERT INTO PAGOS VALUES (20008, '970000219016255724543393238', 'Recursamiento por Creditos', 79);
INSERT INTO PAGOS VALUES (20009, '970000219016255724543393239', 'Recursamiento por Creditos', 79);
INSERT INTO PAGOS VALUES (20010, '970000219016255724543393240', 'Recursamiento por Creditos', 79);
INSERT INTO PAGOS VALUES (40001, '970000219016255724543393241', 'CURSO ESPECIAL', 79);
INSERT INTO PAGOS VALUES (40002, '970000219016255724543393242', 'CURSO ESPECIAL', 79);
INSERT INTO PAGOS VALUES (40003, '970000219016255724543393243', 'CURSO ESPECIAL', 79);
INSERT INTO PAGOS VALUES (40004, '970000219016255724543393244', 'CURSO ESPECIAL', 79);
INSERT INTO PAGOS VALUES ( 30001 , '970000219016255724543393251' , 'PAGO SEGURO' , 99);
INSERT INTO PAGOS VALUES ( 30002 , '970000219016255724543393252' , 'PAGO SEGURO' , 99);
INSERT INTO PAGOS VALUES ( 30003 , '970000219016255724543393253' , 'PAGO SEGURO' , 99);
INSERT INTO PAGOS VALUES ( 30004 , '970000219016255724543393254' , 'PAGO SEGURO' , 99);
INSERT INTO PAGOS VALUES ( 30005 , '970000219016255724543393255' , 'PAGO SEGURO' , 99);
INSERT INTO PAGOS VALUES ( 30006 , '970000219016255724543393256' , 'PAGO SEGURO' , 99);
INSERT INTO PAGOS VALUES ( 30007 , '970000219016255724543393257' , 'PAGO SEGURO' , 99);
INSERT INTO PAGOS VALUES ( 30008 , '970000219016255724543393258' , 'PAGO SEGURO' , 99);
INSERT INTO PAGOS VALUES ( 30009 , '970000219016255724543393259' , 'PAGO SEGURO' , 99);
INSERT INTO PAGOS VALUES ( 30010 , '970000219016255724543393260' , 'PAGO SEGURO' , 99);
INSERT INTO PAGOS VALUES ( 30011 , '970000219016255724543393261' , 'PAGO SEGURO' , 99);
INSERT INTO PAGOS VALUES ( 30012 , '970000219016255724543393262' , 'PAGO SEGURO' , 99);
INSERT INTO PAGOS VALUES ( 30013 , '970000219016255724543393263' , 'PAGO SEGURO' , 99);
INSERT INTO PAGOS VALUES ( 30014 , '970000219016255724543393264' , 'PAGO SEGURO' , 99);
INSERT INTO PAGOS VALUES ( 30015 , '970000219016255724543393265' , 'PAGO SEGURO' , 99);
INSERT INTO PAGOS VALUES ( 30016 , '970000219016255724543393266' , 'PAGO SEGURO' , 99);
INSERT INTO PAGOS VALUES ( 30017 , '970000219016255724543393267' , 'PAGO SEGURO' , 99);
INSERT INTO PAGOS VALUES ( 30018 , '970000219016255724543393268' , 'PAGO SEGURO' , 99);
INSERT INTO PAGOS VALUES ( 30019 , '970000219016255724543393269' , 'PAGO SEGURO' , 99);
INSERT INTO PAGOS VALUES ( 30020 , '970000219016255724543393270' , 'PAGO SEGURO' , 99);
INSERT INTO PAGOS VALUES ( 30021 , '970000219016255724543393271' , 'PAGO SEGURO' , 99);
INSERT INTO PAGOS VALUES ( 30022 , '970000219016255724543393272' , 'PAGO SEGURO' , 99);
INSERT INTO PAGOS VALUES ( 30023 , '970000219016255724543393273' , 'PAGO SEGURO' , 99);
INSERT INTO PAGOS VALUES ( 30024 , '970000219016255724543393274' , 'PAGO SEGURO' , 99);
INSERT INTO PAGOS VALUES ( 30025 , '970000219016255724543393275' , 'PAGO SEGURO' , 99);
INSERT INTO PAGOS VALUES ( 30026 , '970000219016255724543393276' , 'PAGO SEGURO' , 99);
INSERT INTO PAGOS VALUES ( 30027 , '970000219016255724543393277' , 'PAGO SEGURO' , 99);
INSERT INTO PAGOS VALUES ( 30028 , '970000219016255724543393278' , 'PAGO SEGURO' , 99);
INSERT INTO PAGOS VALUES ( 30029 , '970000219016255724543393279' , 'PAGO SEGURO' , 99);
INSERT INTO PAGOS VALUES ( 30030 , '970000219016255724543393280' , 'PAGO SEGURO' , 99);
#Persona
INSERT INTO persona VALUES(01,'Jaime','Balderas','Jimenez','BAJJ000322HMCLMMA1','M','Estado de Mexico',7122196489,'jbjimenez@gmail.com','50783','Ixtlahuaca','San Antonio Bonixi','Melchor Ocampo','Avenida Principal');
INSERT INTO persona VALUES(02,'Beatriz','Mendoza','Ocampo','MEOB991221FMUDBUC2','F','Estado de Mexico',5544477788,'bmocampo@hotmail.com','50740','Ixtlahuaca','San Francisco','Gustavo Baz','Avenida Principal');
INSERT INTO persona VALUES(03,'Lorena','Garza','Sisneros','GASL980902JDNGMMQ3','F','Estado de Mexico',7122165544,'lgsisneros@gmail.com','50740','Ixtlahuca','Morelos','Adolfo Lopez','Avenida Principal');
INSERT INTO persona VALUES(04,'Alejandro','Paez','Salinas','PASA971003OEJVNMQ4','M','Queretaro',5559632147,'apsalinas@hotmail.com','50740','Ixtlahuaca','San Pedro','Venustiano','Avenida principal');
INSERT INTO persona VALUES(05,'Sandra','Reyes','Sanchez','RESS961104GBVMSSV5','F','Estado de Mexico',5596354782,'srsanchez@gmail.com','50740','Intlaguaca','Barri de los Perales','Carranza','Avenida Principal');
INSERT INTO persona VALUES(06,'Arturo','Gonzales','Sanchez','GOSA951205YRHCGLL6','M','Estado de Mexico',7124896321,'agsanchez@hotmail.com','50740','Ixtlahuaca','San Pedro','Frida Kahlo','Avenida Principal');	
INSERT INTO persona VALUES(07,'Martha','Beatriz','Martinez','BEMM940106GHJKLLE7','F','Estado de Mexico',5545789632,'mbmartinez@gmail.com','50740','Ixtlahuaca','San Bartolo','Emiliano','Avenida Principal');
INSERT INTO persona VALUES(08,'Jonathan','Gonzalez','Gutierrez','GOGJ930207QWERTTY8','M','Estado de Mexico',5536987412,'jggutierrez@gmail.com','50740','Ixtlahuaca','Santa Cruz','Rayon','Avenida Principal');
INSERT INTO persona VALUES(09,'Gustavo','Salinas','Salinas','SASG920308ASDFGGH9','M','Michoacan',7122369854,'gssalinas@gmail.com','50740','Ixtlahuaca','Atlacomulco','Loma','Avenida Principal');
INSERT INTO persona VALUES(10,'Carla','Florencio','Lopez','FLLC910409ZXCVBBN0','F','Estado de Mexico',5541236585,'cflopez@hotmail.com','50740','Ixtlahuca','San Juan','Obregón','Avenida Principal');
INSERT INTO persona VALUES(11,'Leticia','Cruz','Meliton','CRML900510MNBVCCX1','F','Estado de Mexico',7122145896,'lcmeliton@hotmail.com','50740','Ixtlahuaca','Jiquipilco','Amargura','Avenida Principal');
INSERT INTO persona VALUES(12,'Lorenzo','Marcelo','Gutierrez','MAGL010611POIUYYT2','M','Estado de Mexico',55444888,'lmgutierrez@hotmail.com','50740','Ixtlahuaca','Zapata','Loma de Bezares','Avenida Principal');
INSERT INTO persona VALUES(13,'Francisco','Gonzales','Gonzales','GOGF020712BHGKWWQ3','M','Estado de Mexico',7121458963,'fggonzales@hotmail.com','50740','Ixtlahuaca','Santa Maria','Barranca del Muerto','Avenida Principal');
INSERT INTO persona VALUES(14,'Silvia','Martinez','Bernardino','MABS010801DGBCHH4','F','Sinaloa',5544412368,'smbernardino@hotmail.com','50740','Ixtlahuca','Nijini','Capital Cortez','Avenida Principal');
INSERT INTO persona VALUES(15,'Jovani','Monrroy','Vilchis','MOVJ000902ZAQWSSX4','M','Estado de Mexico',5512365490,'jmvilchis@hotmail.com','50740','Ixtlahuca','Reyes','Fuente de Ballecas','Avenida Principal');
INSERT INTO persona VALUES(16,'Margarita','Salinas','Martinez','SAMM991003XCDERRF5','F','Estado de Mexico',7121458963,'msmatinez@hotmail.com','50740','Ixtlahuca','Portesgil','AlvarezdeToledo','Avenida Principal');
INSERT INTO persona VALUES(17,'Jose','Garcia','Bara','GABJ981104VTGBNNH6','M','Estado de Mexico',5523159753,'jgbara@hotmail.com','50740','Ixtlahuca','Loma Hidalgo','Plaza de Felipe','Avenida Principal');
INSERT INTO persona VALUES(18,'Sofia','Mendoza','Alvarez','MEAS971205NMJUIIK7','F','Estado de Mexico',5515975336,'smalvarez@gmail.com','50740','Ixtlahuca','San Pedro','Plaza del Duque','Avenida Principal');
INSERT INTO persona VALUES(19,'Jesus','Carrillo','Vergara','CAVJ960106KLOPNNP8','M','Veracruz',7124563695,'jcvergara@hotmail.com','50740','Ixtlahuca','Santo Domingo','Las Bugambilias','Avenida Principal');
INSERT INTO persona VALUES(20,'Raul','Melquiades','Monrroy','MEMR950207LPOIKKM9','M','Estado de Mexico',5536987412,'rmoros@gmail.com','50740','Ixtlahuca','San Francisco','General Astray','Avenida Principal');
INSERT INTO persona VALUES(21,'Arturo','Valdez','Ortega','VAOA940308NJUYGGV0','M','Jalisco',5512369875,'avortega@hotmail.com','50740','Ixtlahuca','Cachi','Comandante Sorita','Avenida Principal');
INSERT INTO persona VALUES(22,'Reyna','Angeles','Miranda','ANMR930409MVHDZZB1','F','Estado de Mexico',5512349873,'ramiranda@gmail.com','50740','Ixtlahuca','Loma Hidalgo','Emiliano Zapata','Avenida Principal');
INSERT INTO persona VALUES(23,'Cesar','Santigo','Chavez','SACC940510QWEASSD2','M','Hidalgo',5585236974,'cschavez@gmail.com','50740','Ixtlahuca','San Juan','Tlalpan','Avenida Principal');
INSERT INTO persona VALUES(24,'Benito','Juarez','Garcia','JUGB920611NBHGYYT3','M','Estado de Mexico',7121159324,'bjgarcia@hotmail.com','50740','Ixtlahuca','Santa Maria','Bonita','Avenida Principal');
INSERT INTO persona VALUES(25,'Frida','Nava','Lopez','NALF910712LPOKVVB4','F','Estado de Mexico',5596301230,'fnlopez@hotmail.com','50740','Ixtlahuca','Nijini','16de Septiembre','Avenida Principal');
INSERT INTO persona VALUES(26,'Emanuel','Perez','Garcia','PEGE900813DFERCCG5','M','Estado de Mexico',7122123256,'epgarcia@gmail.com','50740','Ixtlahuca','Jiquipilco','La Cava','Avenida Principal');
INSERT INTO persona VALUES(27,'Edmundo','Chaves','Chaves','CHCE020914HGYTNNZ6','M','Estado de Mexico',5544663322,'ecchaves@gmail.com','50740','Ixtlahuca','Jocotitlan','Loma Verdes','Avenida Principal');
INSERT INTO persona VALUES(28,'Carla','Mendoza','Ortiz','MEOC011015MPNOBBI7','F','Monterrey',7121459852,'cmortiz@hotmail.com','50740','Ixtlahuca','Zapat','Calle Rosal','Avenida Principal');
INSERT INTO persona VALUES(29,'Samuel','Florencio','Veltran','FLVS001116QZWXEEC8','M','Estado de Mexico',5544220011,'sfveltran@hotmail.com','50740','Ixtlahuaca','Santa Maria','Venustiano','Avenida Principal');
INSERT INTO persona VALUES(30,'Samantha','Nava','Ayala','NAAS001217ALSKJJD9','F','Estado de Mexico',7121036987,'snayala@gmail.com','50740','Ixtlahuca','San Juan','Barrio Lindo','Avenida Principal');
INSERT INTO persona VALUES(31,'Teresa','Plata','Hernandez','PLHT900101QWXZSSD1','F','Estado de Mexico',7121893857,'tphernandez@gmail.com','50727','Jocotitlan','Los Reyes','Buenavista','Av. 20 de noviembre');
INSERT INTO persona VALUES(32,'Erika','Cortez','Nazar','CONE890202JHKGFFN2','F','Estado de Mexico',7122123618,'ecnazar@gmail.com','5798','concepcion de los baños','San pedro de los baños','Mavoro','calle 32-c');
INSERT INTO persona VALUES(33,'Juan','Olmedo','Lopez','OLLJ880303VFGBTTR3','M','Estado de Mexico',7223456894,'jcapolo@gmail.com','50600','Ixtlahuaca','san lorenzo toxico','manzana 8','Avenida Principal');
INSERT INTO persona VALUES(34,'Leticia','Bribisca','Castillo','BRCL870404QWASDDE4','F','Distrito Federal',5536275438,'lbcastillo@gmail.com','50740','los reyes la paz','santha martha','acatitla','nicolas bravo');
INSERT INTO persona VALUES(35,'Lorena','Cruz','Guzman','CRGL860505JHUYGGX5','F','Estado de Mexico',7224864434,'lcguzman@gmail.com','50780','los reyes la paz','Olimpia','Emiliano Zapata','lázaro cárdenas');
INSERT INTO persona VALUES(36,'Juan','Ambriz','Polo','AMPJ850606ERDFCCV6','M','Estado de Mexico',7122639491,'jambriz@gmail.com','50730','Atlacomulco','atravillacuatromilpas','rayon','Chabacano');
INSERT INTO persona VALUES(37,'Marcial','Martinez','Blas','MABM840707HGNBJJR7','M','Colima',7221807656,'mmblas@gmail.com','50727','Jocotitlan','santo domingo','dolores','soliralidad');
INSERT INTO persona VALUES(38,'Isaias','Vazquez', 'Juarez','VAJI830808YUNMLLA8','M','Estado de Mexico',7222517488,'ivjuarez@gmail.com','50890','Ixtlahuaca','San lorenzo toxico','río lerma','manzana5');
INSERT INTO persona VALUES(39,'Juan Carlos','Suarez','Sanchez','SUSJ820909EDIKTTG9','M','Estado de Mexico',7122457558,'jssanchez@gmail.col','50980','Atlacomulco','sancarlos','Buenavista','calle manzano');
INSERT INTO persona VALUES(40,'Bruno Emyr','Carreto','Cid de Leon','CACB811010KLASXXN0','M','Campeche',7221440956,'becleon@gmail.com','50739','Toluca','Lerdo','san mateo atenco','Josemaria');
INSERT INTO persona VALUES(41,'Froylan','Verdugo','Ortiz','VEOF801111HGNBYYZ1','M','Estado de Mexico',5583542298,'fvortiz@gmail.com','50200','Toluca','Barrio santa clara','sanjoaquin','callemorelos');
INSERT INTO persona VALUES(42,'Hector','Caballero','Hernandez','CAHH901212TYRUEEI2','M','Estado de Mexico',7221163712,'hchernandez@gmail.com','50620','san martín','robles','atlavilla','calle la mora');
INSERT INTO persona VALUES(43,'Leopoldo','Gil','Antonio','GIAL890113ZMXNVVT3','M','Estado de Mexico',7124356789,'lgantonio@gmail.com','50230','toluca','barrio la merced','buenavista','calletexcoco');
INSERT INTO persona VALUES(44,'Juan','Alberto','Antonio','ALAJ880214EFJABBZ4','M','Tabasco',7124237690,'jaantonio@gmail.com','50780','Jocotitlan','barrio la teneria','bolivia','paseo tollocan');
INSERT INTO persona VALUES(45,'Alfredo','Martinez','Mora','MAMA870315FTILWWF5','M','Estado de Mexico',7224235678,'ammora@gmail.com','50720','morelos','toluca','buenavista','calle alpinismo');
INSERT INTO persona VALUES(46,'Alma','Balderas','Miranda','BAMA860416SDRFKKU6','F','Estado de Mexico',7121345544,'abmiranda@gmail.com','50980','Toluca','milpa alta','tollocan ','calle nicolás bravo');
INSERT INTO persona VALUES(47,'Antonio','Salvador','Valdez','SAVA850517HGJYNNA7','M','Veracruz',7123456789,'asvaldez@gmail.com','50783','Rayón','Olmedo','Altamirano','calle wenceslao');
INSERT INTO persona VALUES(48,'Ximena','Sanches','Mota','SAMX840618RUDFBBL8','F','Estado de Mexico',5563247890,'xsmota@gmail.com','50659','Atlavillla','san martin','palmillas','callepotrero');
INSERT INTO persona VALUES(49,'Carmela','Sosa','Martines','SOMC830719NJIMKKC9','F','Estado de Mexico',7124364565,'csmartinez@gmail.com','50789','metepec','Morelos','rayon','calle5demayo');
INSERT INTO persona VALUES(50,'Maria','Hernandez','Matias','HEMM820820FREDMMA0','F','Queretaro',5568903420,'mhmatias@gmail.com','50980','Ixtlahuaca','Temoaya','sanmiartin','callecañada');
INSERT INTO persona VALUES(51,'Oscar','Andrade','Betancourt','ANBO810921BGTZSSY1','M','Estado de Mexico',5568342819,'oabetancourtqgmail.com','50670','Ixtlahuaca','San lorenzo','Toxico','Manzana1');
INSERT INTO persona VALUES(52,'Thania','Cruz','Olvera','CROT801022COTMNNQ2','F','Estado de Mexico',5534227860,'tcolvera@gmail.com','50489','Ixtapaluca','Iztapalapa','buenavista','callebravo');
INSERT INTO persona VALUES(53,'Fabian','Cruz','Miranda','CRMF901123RGUJOOE3','M','Distrito Federal',5563457890,'fcmiranda@gmail.com','50706','Jocotitlan','Morelos','santa teresa','calle ascencion');
INSERT INTO persona VALUES(54,'Luis Fernado','Miranda','Bolaños','MIBL891224SECAUUV4','M','Estado de Mexico',7134568990,'lfmbolaños@gmail.com','50789','Metepec','Morelos','barrio nopaleras','callevalentingomezfarias');
INSERT INTO persona VALUES(55,'Fatima','Sanches','Medina','SAMF880125VFGBDDA5','F','Estado de Mexico',5534271430,'fsmedina@gmail.com','50723','toluca','rayon ','Morelos','callebienvenida');
INSERT INTO persona VALUES(56,'Ivan','Silva','Reyes','SIRI870226IRUEBBX6','M','Monterrey',5567894332,'isreyes@gmail.com','50780','atlacomulco','milpalta','reyes','calleodilon');
INSERT INTO persona VALUES(57,'Jesus Eduardo','Fuentez','Quezada','FUQJ860327HGYTEEB7','M','Estado de Mexico',7129356780,'jefquezada@gmail.com','50789','ixtlahuaca','rayon','Sanlorenzo','calleazalea');
INSERT INTO persona VALUES(58,'Jackelin','Orduña','Antonio','ORAJ850428CHFBJJT8','F','Estado de Mexico',5534678856,'joantonio@gmail.com','50625','jocotitlan','Losreyes','barriomartin','callegomezfarias');
INSERT INTO persona VALUES(59,'Shunely','Bonifacio','De Jesus','BODS840529NBHFSSW9','F','Hidalgo',7345689030,'sdbonifacio@gmail.com','50789','Metepec','Morelos','Farias','callegeranio');
INSERT INTO persona VALUES(60,'Luis','Nava','Martinez','NAML830430NHYKYYZ0','M','Estado de Mexico',7122456734,'lnmartinez@gmail.com','5760','Ixtlahuaca','Rayon','San Lorenzo Toxico','Manzana 1');
   
INSERT INTO alumnos VALUES ('2018150480052',01);
INSERT INTO alumnos VALUES ('2018150480053',02);
INSERT INTO alumnos VALUES ('2018150480054',03);
INSERT INTO alumnos VALUES ('2018150480055',04);
INSERT INTO alumnos VALUES ('2018150480056',05);
INSERT INTO alumnos VALUES ('2018150480057',06);
INSERT INTO alumnos VALUES ('2018150480058',07);
INSERT INTO alumnos VALUES ('2018150480059',08);
INSERT INTO alumnos VALUES ('2018150480060',09);
INSERT INTO alumnos VALUES ('2018150480061',10);

INSERT INTO alumnos VALUES('2018150480195',11);
INSERT INTO alumnos VALUES('2018150480034',12);
INSERT INTO alumnos VALUES('2018150480572',13);
INSERT INTO alumnos VALUES('2018150480246',14);
INSERT INTO alumnos VALUES('2018150480125',15);
INSERT INTO alumnos VALUES('2018150480873',16);
INSERT INTO alumnos VALUES('2018150480164',17);
INSERT INTO alumnos VALUES('2018150480073',18);
INSERT INTO alumnos VALUES('2018150480724',19);
INSERT INTO alumnos VALUES('2018150480936',20);

INSERT INTO alumnos VALUES ('2018150480900',21);
INSERT INTO alumnos VALUES ('2018150480915',22);
INSERT INTO alumnos VALUES ('2018150480945',23);
INSERT INTO alumnos VALUES ('2018150480975',24);
INSERT INTO alumnos VALUES ('2018150480969',25);
INSERT INTO alumnos VALUES ('2018150480947',26);
INSERT INTO alumnos VALUES ('2018150480930',27);
INSERT INTO alumnos VALUES ('2018150480974',28);
INSERT INTO alumnos VALUES ('2018150480985',29);
INSERT INTO alumnos VALUES ('2018150480988',30);

INSERT INTO DOCENTE VALUES (9100,'15487592','ESPECIALIDAD', ' TELECOMUNICACIONES','78495623185',31);
INSERT INTO DOCENTE VALUES (9101,'78459621','ESPECIALIDAD','DESARROLLO DE SOFTWARE','98784512360',32);
INSERT INTO DOCENTE VALUES (9102,'96584589','MAESTRIA','COMPUTACION PARA DOCENCIA','77448512201',33);
INSERT INTO DOCENTE VALUES (9103,'12345678','MAESTRIA','IFORMATICA EDUCATIVA','89745621151',34);
INSERT INTO DOCENTE VALUES (9104,'10000012','MAESTRIA','INGENIERIA ELECTRONICA','89547823101',35);
INSERT INTO DOCENTE VALUES (9105,'15874695','MAESTRIA','ARQUITECTURA DE TECNOLOGIA','55894701236',36);
INSERT INTO DOCENTE VALUES (9106,'10002459','ESPECIALIDAD','DESARROLLO BASE DE DATOS','11202584796',37);
INSERT INTO DOCENTE VALUES (9107,'87654321','MAESTRIA','ROBOTICA','96100125841',38);
INSERT INTO DOCENTE VALUES (9108,'78965412','ESPECIALIDAD','COMUNICACIONES','77894589632',39);
INSERT INTO DOCENTE VALUES (9109,'14785236','MAESTRIA','BIOMEDICA','77458912581',40);
INSERT INTO DOCENTE VALUES (9110,'36985214','ESPECIALIDAD','DERECHO FISCAL','01122548101',41);
INSERT INTO DOCENTE VALUES (9111,'75395146','MAESTRIA','DIRECCION DE MARKETING','33251226354',42);
INSERT INTO DOCENTE VALUES (9112,'85214639','ESPECIALIDAD','ARQUITECTURA DE TECNOLOGIA','99548741250',43);
INSERT INTO DOCENTE VALUES (9113,'78965432','LICENCIATURA','DIRECCION DE MARKETING','56211548784',44);
INSERT INTO DOCENTE VALUES (9114,'12987436','MAESTRIA','DIRECCION FINANCIERA','22365224721',45);
INSERT INTO DOCENTE VALUES (9115,'45632789','MAESTRIA','COMERCIO DIGITAL','15141312110',46);
INSERT INTO DOCENTE VALUES (9116,'78964521','ESPECIALIDAD','ARQUITECTURA DE TECNOLOGIA','69968748581',47);
INSERT INTO DOCENTE VALUES (9117,'78549632','MAESTRIA','FINANZAS ESTRATEGICAS','15514785874',48);
INSERT INTO DOCENTE VALUES (9118,'14598745','MAESTRIA','ROBOTICA','77877845797',49);
INSERT INTO DOCENTE VALUES (9119,'78965412','ESPECIALIDAD','COMPUTACION PARA DOCENCIA','18154878891',50);
INSERT INTO DOCENTE VALUES (9120,'12003266','DOCTORADO','CIENCIA DE NANOMATERIALES','78475717271',51);
INSERT INTO DOCENTE VALUES (9121,'22115501','ESPECIALIDAD','ROBOTICA','96895847125',52);
INSERT INTO DOCENTE VALUES (9122,'00000111','MAESTRIA','CIENCIA DE NANOMATERIALES','15487951241',53);
INSERT INTO DOCENTE VALUES (9123,'99884520','ESPECIALIDAD','DERECHO FISCAL','65897415820',54);
INSERT INTO DOCENTE VALUES (9124,'10002547','DOCTORADO','TELECOMUNICACIONES','03154875218',55);
INSERT INTO DOCENTE VALUES (9125,'15789645','MAESTRIA','QUIMICA','15584730201',56);
INSERT INTO DOCENTE VALUES (9126,'15874695','ESPECIALIDAD','ESARROLLO BASE DE DATOS','87494895281',57);
INSERT INTO DOCENTE VALUES (9127,'03265874','ESPECIALIDAD','DESARROLLO BASE DE DATOS','78495821474',58);
INSERT INTO DOCENTE VALUES (9128,'78965412','ESPECIALIDAD','DERECHO FISCAL','12564789361',59);
INSERT INTO DOCENTE VALUES (9129,'17435812','MAESTRIA','CIENCIA DE LOS MATERIALES','52142536102',60);    

INSERT INTO materias VALUES('SCC-1010','Graficacion',5,4,2,2,9100,1001);
INSERT INTO materias VALUES('AEC-1061','Sistemas Operativos',6,4,2,2,9101,1001);
INSERT INTO materias VALUES('SCC-1007','Fundametos de Ingenieria en Software',5,4,2,2,9102,1002);
INSERT INTO materias VALUES('SCD-1003','Arquitectura de Computadoras',4,5,2,3,9103,1002);
INSERT INTO materias VALUES('SCA-1025','Taller de Bases de Datos',5,4,4,0,9104,1003);
INSERT INTO materias VALUES('AEC-1034','Fundamentos De Telecomunicaciones',5,4,2,2,9105,1004);
INSERT INTO materias VALUES('ACC-0912','Fundametos de Investigacion',4,4,2,2,9106,1005);
INSERT INTO materias VALUES('ARC-1017','Geometria Descriptiva II',4,4,2,2,9107,1006);
INSERT INTO materias VALUES('ARC-1013','Estructuras 1',4,4,2,2,9108,1006);
INSERT INTO materias VALUES('AEF-1076','Investigación de Operaciones',6,3,2,5,9109,1006);
INSERT INTO materias VALUES('AEF-1057','Quimica',5,5,3,2,9110,1011);
INSERT INTO materias VALUES('MAC-1008','Dibujo asistido por computadoras',4,4,2,2,9111,1001);
INSERT INTO materias VALUES('ACC-0906','Fundamentos de Investigacion',5,4,2,2,9112,1011);
INSERT INTO materias VALUES('GEC-0905','Desarrollo Humano',5,4,2,2,9113,1011);
INSERT INTO materias VALUES('GEC-0909','Fundamentos de Fisica',6,4,2,2,9114,1033);
INSERT INTO materias VALUES('AVD-1209','El Emprededor y la Innovacion',6,5,2,3,9115,1044);
INSERT INTO materias VALUES('AVD-1219','Introducción a las Producciones de Animación',6,5,2,3,9116,1055);
INSERT INTO materias VALUES('ACF-0903','Algebra Lineal',5,5,3,2,9117,1111);
INSERT INTO materias VALUES('LCT-1281','Fundamentos del turismo',6,4,2,2,9118,1001);
INSERT INTO materias VALUES('LTD-1201','Administracion de Empresas Turisticas',4,5,2,3,9119,1222);
INSERT INTO materias VALUES('LTD-1226','Matematicas Aplicadas al Turismo',5,5,2,3,9120,1333);
INSERT INTO materias VALUES('SCD-1022','Simulacion',5,2,3,5,9121,1004);
INSERT INTO materias VALUES('ACF-0901','Calculo Diferencial',6,5,3,2,9122,1001);
INSERT INTO materias VALUES('AEO-1012','Dibujo Asistido por Computadora',6,3,0,3,9123,1001);
INSERT INTO materias VALUES('ACC-0945','Fundamentos de investigacion',4,4,2,2,9124,1555); 
INSERT INTO materias VALUES('ACA-0907','Taller de etica',4,4,0,0,9125,1444);
INSERT INTO materias VALUES('INH-1029','Taller de herramientas intelectuales',5,5,2,3,9126,1001);
INSERT INTO materias VALUES('SCD-1016','Lenjuajes y automatas II',4,2,3,5,9127,1001);
INSERT INTO materias VALUES('SCH-1024','Taller de Administracion',4,4,2,2,9128,1777);
INSERT INTO materias VALUES('SCD-1015','Lenjuajes y automatas I',4,4,2,2,9129,1666); 


INSERT INTO unidades VALUES ('SCD-1003-1',1,'Arquitecturas de cómputo','SCD-1003');
INSERT INTO unidades VALUES ('SCD-1003-2',2,'Estructura y funcionamiento de la CPU','SCD-1003');
INSERT INTO unidades VALUES ('SCD-1003-3',3,'Componentes para ensamble de equipo de computo','SCD-1003');
INSERT INTO unidades VALUES ('SCD-1003-4',4,'Procesamiento paralelo','SCD-1003');
INSERT INTO unidades VALUES ('AEC-1061-1',1,'Sistemas operativos','AEC-1061');
INSERT INTO unidades VALUES ('AEC-1061-2',2,'Administracion de procesos y hyperprocesador','AEC-1061');
INSERT INTO unidades VALUES ('AEC-1061-3',3,'Administracion de memoria','AEC-1061');
INSERT INTO unidades VALUES ('AEC-1061-4',4,'Administracion de Entrada-Salida','AEC-1061');
INSERT INTO unidades VALUES ('AEC-1061-5',5,'Sistemas de archivos','AEC-1061');
INSERT INTO unidades VALUES ('AEC-1061-6',6,'Proteccion y seguridad','AEC-1061');

INSERT INTO unidades VALUES('SCC-1007-1',1,'Fundamentos de Ingeneria en Software','SCC-1007');
INSERT INTO unidades VALUES('SCC-1010-5',5,'Introduccion a la Animacion Por Computadora','SCC-1010');
INSERT INTO unidades VALUES('SCC-1007-2',2,'El modelo de negocio','SCC-1007');
INSERT INTO unidades VALUES('SCC-1007-3',3,'Ingenria de Requerimentos','SCC-1007');
INSERT INTO unidades VALUES('SCC-1007-4',4,'Modelo de Analisis','SCC-1007');
INSERT INTO unidades VALUES('SCC-1007-5',5,'Calidad de Software','SCC-1007');
INSERT INTO unidades VALUES('SCC-1010-1',1,'Introduccion a la Graficacion Por Computadora','SCC-1010');
INSERT INTO unidades VALUES('SCC-1010-2',2,'Graficacion 2D','SCC-1010');
INSERT INTO unidades VALUES('SCC-1010-3',3,'Graficacion 3D','SCC-1010');
INSERT INTO unidades VALUES('SCC-1010-4',4,'Relleno, Iluminacion y Sombreado','SCC-1010');

INSERT INTO unidades VALUES('SCA-1025-1',1,'El SGBD y el Lenguaje de Definición de Datos ','SCA-1025');
INSERT INTO unidades VALUES('SCA-1025-2',2,'Lenguaje de Manipulación de Datos ','SCA-1025');
INSERT INTO unidades VALUES('SCA-1025-3',3,'Administración de base de datos ','SCA-1025');
INSERT INTO unidades VALUES('SCA-1025-4',4,'SQL Procedural ','SCA-1025');
INSERT INTO unidades VALUES('SCA-1025-5',5,'Tecnologías de conectividad de base de datos ','SCA-1025');
INSERT INTO unidades VALUES('AEC-1034-1',1,'Sistema de comunicación','AEC-1034');
INSERT INTO unidades VALUES('AEC-1034-2',2,'Medios de transmisión','AEC-1034');
INSERT INTO unidades VALUES('AEC-1034-3',3,'Modulación ','AEC-1034');
INSERT INTO unidades VALUES('AEC-1034-4',4,'Técnicas de conmutación y multiplexación','AEC-1034');
INSERT INTO unidades VALUES('AEC-1034-5',5,'Modelos y dispositivos de comunicación','AEC-1034');         

INSERT INTO opcion VALUES (1,'EQUIV','No_Cursada',' Curso Especial');
INSERT INTO opcion VALUES (2,'CN1','Primera Oportunidad O','Curso Ordinario');
INSERT INTO opcion VALUES (3,'ER1','Segunda Oportunidad O','Curso Ordinario');
INSERT INTO opcion VALUES (4,'EEX','Curso sabatino','Curso Especial');
INSERT INTO opcion VALUES (5,'CN2','Primera Oportunidad R','Curso Recurse');
INSERT INTO opcion VALUES (6,'ER2','Segunda Oportunidad R','Curso Recurse');
INSERT INTO opcion VALUES (7,'EG1','Curso Verano O','Curso Ordinario');
INSERT INTO opcion VALUES (8,'EG2','Curso Verano E','Curso Especial');
INSERT INTO opcion VALUES (9,'EE','Especial','Curso Especial');    

INSERT INTO calificaciones VALUES('2018150480052','SCD-1003-1',89,1);
INSERT INTO calificaciones VALUES('2018150480052','SCD-1003-2',79,1);
INSERT INTO calificaciones VALUES('2018150480052','SCD-1003-3',90,1);
INSERT INTO calificaciones VALUES('2018150480052','SCD-1003-4',86,1);
INSERT INTO calificaciones VALUES('2018150480052','AEC-1061-1',89,1);
INSERT INTO calificaciones VALUES('2018150480052','AEC-1061-2',100,1);
INSERT INTO calificaciones VALUES('2018150480053','SCD-1003-1',78,2);
INSERT INTO calificaciones VALUES('2018150480054','SCD-1003-1',80,1);
INSERT INTO calificaciones VALUES('2018150480055','SCD-1003-1',82,1);
INSERT INTO calificaciones VALUES('2018150480056','SCD-1003-3',90,1);
INSERT INTO calificaciones VALUES('2018150480057','SCD-1003-3',87,2);
INSERT INTO calificaciones VALUES('2018150480058','SCD-1003-3',75,1);
INSERT INTO calificaciones VALUES('2018150480059','SCD-1003-3',74,2);
INSERT INTO calificaciones VALUES('2018150480060','SCC-1010-2',91,1);
INSERT INTO calificaciones VALUES('2018150480061','SCC-1010-2',86,2);
INSERT INTO calificaciones VALUES('2018150480195','SCC-1010-2',89,4);
INSERT INTO calificaciones VALUES('2018150480034','SCD-1003-2',91,5);
INSERT INTO calificaciones VALUES('2018150480572','SCD-1003-2',83,2);
INSERT INTO calificaciones VALUES('2018150480246','SCD-1003-2',84,1);
INSERT INTO calificaciones VALUES('2018150480125','SCD-1003-2',85,4);
INSERT INTO calificaciones VALUES('2018150480873','SCD-1003-4',95,1);
INSERT INTO calificaciones VALUES('2018150480164','SCD-1003-4',75,1);
INSERT INTO calificaciones VALUES('2018150480073','SCD-1003-4',60,2);
INSERT INTO calificaciones VALUES('2018150480724','SCD-1003-4',75,4);
INSERT INTO calificaciones VALUES('2018150480936','AEC-1034-5',96,2);
INSERT INTO calificaciones VALUES('2018150480900','AEC-1034-5',85,3);
INSERT INTO calificaciones VALUES('2018150480915','AEC-1034-5',79,6);
INSERT INTO calificaciones VALUES('2018150480945','AEC-1034-3',81,3);
INSERT INTO calificaciones VALUES('2018150480975','AEC-1034-3',86,1);
INSERT INTO calificaciones VALUES('2018150480969','AEC-1034-3',89,2);
INSERT INTO calificaciones VALUES('2018150480947','AEC-1034-2',70,3);
INSERT INTO calificaciones VALUES('2018150480930','AEC-1034-2',65,2);
INSERT INTO calificaciones VALUES('2018150480974','AEC-1034-2',93,4);
INSERT INTO calificaciones VALUES('2018150480985','AEC-1034-2',69,6);  

 


INSERT INTO preinscripcion (folio, fecha, carrera_alterna1, carrera_alterna2, carrera_alterna3, id_persona, fotografia, escuela_procedencia, municipio_escuela, promedio) VALUES (55001, '2021-08-25', 'LA002', 'IMT009', 'IAD010', 01, 'imagen1.jpg', 'CBT Lic. MArio Colín Sánchez', 'Atlacomulco', '92-95');
INSERT INTO preinscripcion (folio, fecha, carrera_alterna1, carrera_alterna2, carrera_alterna3, id_persona, fotografia, escuela_procedencia, municipio_escuela, promedio) VALUES (55002, '2021-08-25', 'LA002', 'II006', 'IMT009', 02, 'imagen2.jpg', 'Escuela Preparatoria Oficial N.56', 'Jocotitlan', '88-91');
INSERT INTO preinscripcion (folio, fecha, carrera_alterna1, carrera_alterna2, carrera_alterna3, id_persona, fotografia, escuela_procedencia, municipio_escuela, promedio) VALUES (55003, '2021-08-25', 'LA002', 'IAD010', 'LC003', 03, 'imagen3.jpg', 'CBT Dr. Maximiliano Ruiz Castañeda', 'Jocotitlá', '77-80');
INSERT INTO preinscripcion (folio, fecha, carrera_alterna1, carrera_alterna2, carrera_alterna3, id_persona, fotografia, escuela_procedencia, municipio_escuela, promedio) VALUES (55004, '2021-08-25', 'LC003', 'II006', 'IGE001', 04, 'imagen4.jpg', 'CECyTEM Plantel Ixtlahuaca', 'Ixtlahuaca', '94-97');
INSERT INTO preinscripcion (folio, fecha, carrera_alterna1, carrera_alterna2, carrera_alterna3, id_persona, fotografia, escuela_procedencia, municipio_escuela, promedio) VALUES (55005, '2021-08-25', 'LC003', 'IGE001', 'II006', 05, 'imagen5.jpg', 'Escuela Preparatoria Oficial No. 58', 'San Felipe Santiago', '73-76');
INSERT INTO preinscripcion (folio, fecha, carrera_alterna1, carrera_alterna2, carrera_alterna3, id_persona, fotografia, escuela_procedencia, municipio_escuela, promedio) VALUES (55006, '2021-08-25', 'LC003', 'IGE001', 'II006', 06, 'imagen6.jpg', 'Preparatoria Nueva Creación', 'San Bartolo Oxtotitlán', '93-96');
INSERT INTO preinscripcion (folio, fecha, carrera_alterna1, carrera_alterna2, carrera_alterna3, id_persona, fotografia, escuela_procedencia, municipio_escuela, promedio) VALUES (55007, '2021-08-25', 'LIE004', 'IME007', 'ISC005', 07, 'imagen7.jpg', 'ESCUELA PREPARATORIA OFICIAL NUM. 176', 'San Bartolo del Llano', '79-82');
INSERT INTO preinscripcion (folio, fecha, carrera_alterna1, carrera_alterna2, carrera_alterna3, id_persona, fotografia, escuela_procedencia, municipio_escuela, promedio) VALUES (55008, '2021-08-25', 'LIE004', 'ISC005', 'IME007', 08, 'imagen8.jpg', 'CECYTEM PLANTEL JIQUIPILCO', 'Jiquipilco', '80-83');
INSERT INTO preinscripcion (folio, fecha, carrera_alterna1, carrera_alterna2, carrera_alterna3, id_persona, fotografia, escuela_procedencia, municipio_escuela, promedio) VALUES (55009, '2021-08-25', 'LIE004', 'IME007', 'ISC005', 09, 'imagen9.jpg', 'Escuela Preparatoria Oficial No. 136', 'Ixtlahuaca', '84-87');
INSERT INTO preinscripcion (folio, fecha, carrera_alterna1, carrera_alterna2, carrera_alterna3, id_persona, fotografia, escuela_procedencia, municipio_escuela, promedio) VALUES (55010, '2021-08-25', 'ISC005', 'LIE004', 'IME007', 10, 'imagen10.jpg', 'Escuela Preparatoria Oficial Número 59', 'Ixtlahuaca', '87-90');
INSERT INTO preinscripcion (folio, fecha, carrera_alterna1, carrera_alterna2, carrera_alterna3, id_persona, fotografia, escuela_procedencia, municipio_escuela, promedio) VALUES (55011, '2021-08-25', 'ISC005', 'IME007', 'LIE004', 11, 'imagen11.jpg', 'Maestro Pedro León', 'Ixtlahuaca', '78-81');
INSERT INTO preinscripcion (folio, fecha, carrera_alterna1, carrera_alterna2, carrera_alterna3, id_persona, fotografia, escuela_procedencia, municipio_escuela, promedio) VALUES (55012, '2021-08-25', 'ISC005', 'LIE004', 'IME007', 12, 'imagen12.jpg', 'Centro de Estudios de Bachillerato #69', 'Ixtlahuaca', '90-93');
INSERT INTO preinscripcion (folio, fecha, carrera_alterna1, carrera_alterna2, carrera_alterna3, id_persona, fotografia, escuela_procedencia, municipio_escuela, promedio) VALUES (55013, '2021-08-25', 'II006', 'LC003', 'IGE001', 13, 'imagen13.jpg', 'Escuela Preparatoria Químico José Donaciano Morales', 'Ixtlahuaca', '95-98');
INSERT INTO preinscripcion (folio, fecha, carrera_alterna1, carrera_alterna2, carrera_alterna3, id_persona, fotografia, escuela_procedencia, municipio_escuela, promedio) VALUES (55014, '2021-08-25', 'II006', 'IGE001', 'LC003', 14, 'imagen14.jpg', 'Colegio Mexiquense de Educación Técnica Plantel Ixtlahuaca', 'Ixtlahuaca', '77-80');
INSERT INTO preinscripcion (folio, fecha, carrera_alterna1, carrera_alterna2, carrera_alterna3, id_persona, fotografia, escuela_procedencia, municipio_escuela, promedio) VALUES (55015, '2021-08-25', 'II006', 'LC003', 'IGE001', 15, 'imagen15.jpg', 'Escuela Preparatoria Oficial No. 071', 'Jiquipilco', '95-98');
INSERT INTO preinscripcion (folio, fecha, carrera_alterna1, carrera_alterna2, carrera_alterna3, id_persona, fotografia, escuela_procedencia, municipio_escuela, promedio) VALUES (55016, '2021-08-25', 'IME007', 'LIE004', 'ISC005', 16, 'imagen16.jpg', 'Preparatoria General No. EPO 172 ', 'Temoaya', '77-80');
INSERT INTO preinscripcion (folio, fecha, carrera_alterna1, carrera_alterna2, carrera_alterna3, id_persona, fotografia, escuela_procedencia, municipio_escuela, promedio) VALUES (55017, '2021-08-25', 'IME007', 'ISC005', 'LIE004', 17, 'imagen17.jpg', 'PREPARATORIA OFICIAL 292', 'Temoaya', '88-91');
INSERT INTO preinscripcion (folio, fecha, carrera_alterna1, carrera_alterna2, carrera_alterna3, id_persona, fotografia, escuela_procedencia, municipio_escuela, promedio) VALUES (55018, '2021-08-25', 'IME007', 'LIE004', 'ISC005', 18, 'imagen18.jpg', 'Escuela Preparatoria Oficial No. 303', 'Ixtlahuaca', '98-100');
INSERT INTO preinscripcion (folio, fecha, carrera_alterna1, carrera_alterna2, carrera_alterna3, id_persona, fotografia, escuela_procedencia, municipio_escuela, promedio) VALUES (55019, '2021-08-25', 'IQ008', 'IMT009', 'LIE004', 19, 'imagen19.jpg', 'Preparatoria Regional de Villa Victoria', 'San Pedro del Rincon', '90-93');
INSERT INTO preinscripcion (folio, fecha, carrera_alterna1, carrera_alterna2, carrera_alterna3, id_persona, fotografia, escuela_procedencia, municipio_escuela, promedio) VALUES (55020, '2021-08-25', 'IQ008', 'IME007', 'IMT009', 20, 'imagen20.jpg', 'Escuela Preparatoria Oficial No. 303', 'Ixtlahuaca', '77-80');
INSERT INTO preinscripcion (folio, fecha, carrera_alterna1, carrera_alterna2, carrera_alterna3, id_persona, fotografia, escuela_procedencia, municipio_escuela, promedio) VALUES (55021, '2021-08-25', 'IQ008', 'IMT009', 'IAD010', 21, 'imagen21.jpg', 'Escuela Preparatoria Oficial N.56', 'Jocotitlan', '70-73');
INSERT INTO preinscripcion (folio, fecha, carrera_alterna1, carrera_alterna2, carrera_alterna3, id_persona, fotografia, escuela_procedencia, municipio_escuela, promedio) VALUES (55022, '2021-08-25', 'IMT009', 'LIE004', 'IQ008', 22, 'imagen22.jpg', 'CBT Dr. Maximiliano Ruiz Castañeda', 'Jocotitlá', '91-94');
INSERT INTO preinscripcion (folio, fecha, carrera_alterna1, carrera_alterna2, carrera_alterna3, id_persona, fotografia, escuela_procedencia, municipio_escuela, promedio) VALUES (55023, '2021-08-25', 'IMT009', 'IQ008', 'IME007', 23, 'imagen23.jpg', 'Preparatoria Nueva Creación', 'San Bartolo Oxtotitlán', '82-85');
INSERT INTO preinscripcion (folio, fecha, carrera_alterna1, carrera_alterna2, carrera_alterna3, id_persona, fotografia, escuela_procedencia, municipio_escuela, promedio) VALUES (55024, '2021-08-25','IGE001', 'LA002',  'IQ008', 24, 'imagen24.jpg', 'Centro de Estudios de Bachillerato #69', 'Ixtlahuaca', '88-91');
INSERT INTO preinscripcion (folio, fecha, carrera_alterna1, carrera_alterna2, carrera_alterna3, id_persona, fotografia, escuela_procedencia, municipio_escuela, promedio) VALUES (55025, '2021-08-25', 'IAD010', 'ISC005', 'LA002', 25, 'imagen25.jpg', 'Escuela Preparatoria Oficial No. 303', 'Ixtlahuaca' ,'80-83');
INSERT INTO preinscripcion (folio, fecha, carrera_alterna1, carrera_alterna2, carrera_alterna3, id_persona, fotografia, escuela_procedencia, municipio_escuela, promedio) VALUES (55026, '2021-08-25', 'IAD010', 'LA002', 'ISC005', 26, 'imagen26.jpg', 'CBT Lic. MArio Colín Sánchez', 'Atlacomulco', '99-100');
INSERT INTO preinscripcion (folio, fecha, carrera_alterna1, carrera_alterna2, carrera_alterna3, id_persona, fotografia, escuela_procedencia, municipio_escuela, promedio) VALUES (55027, '2021-08-25', 'TS011', 'IGE001', 'LC003', 27, 'imagen27.jpg', 'Maestro Pedro León', 'Ixtlahuaca', '76-79');
INSERT INTO preinscripcion (folio, fecha, carrera_alterna1, carrera_alterna2, carrera_alterna3, id_persona, fotografia, escuela_procedencia, municipio_escuela, promedio) VALUES (55028, '2021-08-25', 'TS011', 'II006', 'IGE001', 28, 'imagen28.jpg', 'Escuela Preparatoria Químico José Donaciano Morales', 'Ixtlahuaca', '85-88');
INSERT INTO preinscripcion (folio, fecha, carrera_alterna1, carrera_alterna2, carrera_alterna3, id_persona, fotografia, escuela_procedencia, municipio_escuela, promedio) VALUES (55029, '2021-08-25', 'IGE001', 'LC003', 'II006', 29, 'imagen29.jpg', 'Preparatoria General No. EPO 172 ', 'Temoaya', '71-74');
INSERT INTO preinscripcion (folio, fecha, carrera_alterna1, carrera_alterna2, carrera_alterna3, id_persona, fotografia, escuela_procedencia, municipio_escuela, promedio) VALUES (55030, '2021-08-25', 'IGE001', 'II006', 'LC003', 30, 'imagen30.jpg', 'Colegio Mexiquense de Educación Técnica Plantel Ixtlahuaca', 'Ixtlahuaca', '94-97');           
         

INSERT INTO EXAMEN VALUES (1000,'14:23','25/11/2020','TESJo',12001,55001);
INSERT INTO EXAMEN VALUES (1001,'12:32','01/02/2021','TESJo',12002,55002);
INSERT INTO EXAMEN VALUES (1002,'10:21','03/02/2021','TESJo',12003,55003);
INSERT INTO EXAMEN VALUES (1003,'11:23','25/11/2021','TESJo',12004,55004);
INSERT INTO EXAMEN VALUES (1004,'21:32','25/11/2021','TESJo',12005,55005);
INSERT INTO EXAMEN VALUES (1005,'13:51','25/11/2021','TESJo',12006,55006);
INSERT INTO EXAMEN VALUES (1006,'19:55','25/11/2021','TESJo',12007,55007);
INSERT INTO EXAMEN VALUES (1007,'17:42','25/11/2021','TESJo',12008,55008);
INSERT INTO EXAMEN VALUES (1008,'07:21','25/11/2021','TESJo',12009,55009);
INSERT INTO EXAMEN VALUES (1009,'07:21','25/11/2021','TESJo',12010,55010);
INSERT INTO EXAMEN VALUES (1010,'24:10','25/11/2021','TESJo',12011,55011);
INSERT INTO EXAMEN VALUES (1011,'11:54','25/11/2021','TESJo',12012,55012);
INSERT INTO EXAMEN VALUES (1012,'21:45','25/11/2021','TESJo',12013,55013);
INSERT INTO EXAMEN VALUES (1013,'22:34','25/11/2021','TESJo',12014,55014);
INSERT INTO EXAMEN VALUES (1014,'20:14','25/11/2021','TESJo',12015,55015);
INSERT INTO EXAMEN VALUES (1015,'12:53','25/11/2021','TESJo',12016,55016);
INSERT INTO EXAMEN VALUES (1016,'08:23','25/11/2021','TESJo',12017,55017);
INSERT INTO EXAMEN VALUES (1017,'09:54','25/11/2021','TESJo',12018,55018);
INSERT INTO EXAMEN VALUES (1018,'21:46','25/11/2021','TESJo',12019,55019);
INSERT INTO EXAMEN VALUES (1019,'22:31','25/11/2021','TESJo',12020,55020);
INSERT INTO EXAMEN VALUES (1020,'23:59','25/11/2021','TESJo',12021,55021);
INSERT INTO EXAMEN VALUES (1021,'13:56','25/11/2021','TESJo',12022,55022);
INSERT INTO EXAMEN VALUES (1022,'16:40','25/11/2021','TESJo',12023,55023);
INSERT INTO EXAMEN VALUES (1023,'10:22','25/11/2021','TESJo',12024,55024);
INSERT INTO EXAMEN VALUES (1024,'19:12','25/11/2021','TESJo',12025,55025);
INSERT INTO EXAMEN VALUES (1025,'20:11','25/11/2021','TESJo',12026,55026);
INSERT INTO EXAMEN VALUES (1026,'18:47','25/11/2021','TESJo',12027,55027);
INSERT INTO EXAMEN VALUES (1027,'08:21','25/11/2021','TESJo',12028,55028);
INSERT INTO EXAMEN VALUES (1028,'12:54','25/11/2021','TESJo',12029,55029);
INSERT INTO EXAMEN VALUES (1029,'07:13','25/11/2021','TESJo',12030,55030);

INSERT INTO EXAMEN VALUES (1009,'07:21','25/11/2021','TESJo',12010,55010);
INSERT INTO Resultados VALUES (	1000001,	'APROBADO'	,1000,	55001,	90);
INSERT INTO Resultados VALUES (	1000002,	'RECHAZADO'	,1001,	55002,	40);
INSERT INTO Resultados VALUES (	1000003,	'RECHAZADO'	,1002,	55003,	22);
INSERT INTO Resultados VALUES (	1000004,	'APROBADO'	,1003,	55004,	110);
INSERT INTO Resultados VALUES (	1000005,	'RECHAZADO'	,1004,	55005,	24);
INSERT INTO Resultados VALUES (	1000006,	'RECHAZADO'	,1005,	55006,	78);
INSERT INTO Resultados VALUES (	1000007,	'RECHAZADO'	,1006,	55007,	10);
INSERT INTO Resultados VALUES (	1000008,	'APROBADO'	,1007,	55008,	85);
INSERT INTO Resultados VALUES (	1000009,	'APROBADO'	,1008,	55009,	89);
INSERT INTO Resultados VALUES (	1000010,	'RECHAZADO'	,1009,	55010,	36);
INSERT INTO Resultados VALUES (	1000011,	'APROBADO'	,1010,	55011,	95);
INSERT INTO Resultados VALUES (	1000012,	'APROBADO'	,1011,	55012,	91);
INSERT INTO Resultados VALUES (	1000013,	'APROBADO'	,1012,	55013,	120);
INSERT INTO Resultados VALUES (	1000014,	'APROBADO'	,1013,	55014,	115);
INSERT INTO Resultados VALUES (	1000015,	'APROBADO'	,1014,	55015,	94);
INSERT INTO Resultados VALUES (	1000016,	'RECHAZADO'	,1015,	55016,	77);
INSERT INTO Resultados VALUES (	1000017,	'RECHAZADO'	,1016,	55017,	50);
INSERT INTO Resultados VALUES (	1000018,	'RECHAZADO'	,1017,	55018,	48);
INSERT INTO Resultados VALUES (	1000019,	'RECHAZADO'	,1018,	55019,	69);
INSERT INTO Resultados VALUES (	1000020,	'APROBADO'	,1019,	55020,	87);
INSERT INTO Resultados VALUES (	1000021,	'RECHAZADO'	,1020,	55021,	73);
INSERT INTO Resultados VALUES (	1000022,	'RECHAZADO'	,1021,	55022,	79);
INSERT INTO Resultados VALUES (	1000023,	'APROBADO'	,1022,	55023,	83);
INSERT INTO Resultados VALUES (	1000024,	'APROBADO'	,1023,	55024,	105);
INSERT INTO Resultados VALUES (	1000025,	'APROBADO'	,1024,	55025,	109);
INSERT INTO Resultados VALUES (	1000026,	'APROBADO'	,1025,	55026,	90);
INSERT INTO Resultados VALUES (	1000027,	'RECHAZADO'	,1026,	55027,	78);
INSERT INTO Resultados VALUES (	1000028,	'APROBADO'	,1027,	55028,	88);
INSERT INTO Resultados VALUES (	1000029,	'APROBADO'	,1028,	55029,	87);
INSERT INTO Resultados VALUES (	1000030,	'RECHAZADO'	,1029,	55030,	57);
