#Alumnos
INSERT INTO persona VALUES(01,'Jaime','Balderas','Jimenez','BAJJ000322HMCLMMA1','M','Estado de Mexico',7122196489,'jbjimenez@gmail.com','50783','Ixtlahuaca','San Antonio Bonixi','Melchor Ocampo','Avenida Principal');
INSERT INTO persona VALUES(02,'Beatriz','Mendoza','Ocampo','MEOB991221FMUDBUC2','F','Estado de Mexico',5544477788,'bmocampo@hotmail.com','50740','Ixtlahuaca','San Francisco','Gustavo Baz',’Avenida Principal’);
INSERT INTO persona VALUES(03,'Lorena','Garza','Sisneros','GASL980902JDNGMMQ3','F','Estado de Mexico',7122165544,'lgsisneros@gmail.com','50740','Ixtlahuca','Morelos','Adolfo Lopez',’Avenida Principal’);
INSERT INTO persona VALUES(04,'Alejandro','Paez','Salinas','PASA971003OEJVNMQ4','M','Queretaro',5559632147,'apsalinas@hotmail.com','50740','Ixtlahuaca','San Pedro','Venustiano',’Avenida principal’);
INSERT INTO persona VALUES(05,'Sandra','Reyes','Sanchez','RESS961104GBVMSSV5','F','Estado de Mexico',5596354782,'srsanchez@gmail.com','50740','Intlaguaca','Barri de los Perales','Carranza','Avenida Principal');
INSERT INTO persona VALUES(06,'Arturo','Gonzales','Sanchez','GOSA951205YRHCGLL6','M','Estado de Mexico',71248963214,'agsanchez@hotmail.com','50740','Ixtlahuaca','San Pedro','Frida Kahlo','Avenida Principal');	
INSERT INTO persona VALUES(07,'Martha','Beatriz','Martinez','BEMM940106GHJKLLÑ7','F','Estado de Mexico',5545789632,'mbmartinez@gmail.com','50740','Ixtlahuaca','San Bartolo','Emiliano','Avenida Principal');
INSERT INTO persona VALUES(08,'Jonathan','Gonzalez','Gutierrez','GOGJ930207QWERTTY8','M','Estado de Mexico',5536987412,'jggutierrez@gmail.com','50740','Ixtlahuaca','Santa Cruz','Rayon','Avenida Principal');
INSERT INTO persona VALUES(09,'Gustavo','Salinas','Salinas','SASG920308ASDFGGH9','M','Michoacan',7122369854,'50740','gssalinas@gmail.com','50740','Ixtlaguaca','Atlacomulco','Loma','Avenida Principal');
INSERT INTO persona VALUES(10,'Carla','Florencio','Lopez','FLLC910409ZXCVBBN0','F','Estado de Mexico',554123658951,'cflopez@hotmail.com','50740','Ixtlahuca','San Juan','Obregón','Avenida Principal');
INSERT INTO persona VALUES(11,'Leticia','Cruz','Meliton','CRML900510MNBVCCX1','F','Estado de Mexico',7122145896,'lcmeliton@hotmail.com','50740','Ixtlahuaca','Jiquipilco','Amargura','Avenida Principal');
INSERT INTO persona VALUES(12,'Lorenzo','Marcelo','Gutierrez','MAGL010611POIUYYT2','M','Estado de Mexico',55444888,'lmgutierrez@hotmail.com','50740','Ixtlahuaca','Zapata','Loma de Bezares','Avenida Principal');
INSERT INTO persona VALUES(13,'Francisco','Gonzales','Gonzales','GOGF0200712BHGNKWWQ3','M','Estado de Mexico',7121458963,'fggonzales@hotmail.com','50740','Ixtlahuaca','Santa Maria','Barranca del Muerto','Avenida Principal');
INSERT INTO persona VALUES(14,'Silvia','Martinez','Bernardino','MABS010801DGBCHH4','F','Sinaloa',5544412368,'smbernardino@hotmail.com','50740','Ixtlahuca','Nijini','Capital Cortez','Avenida Principal');
INSERT INTO persona VALUES(15,'Jovani','Monrroy','Vilchis','MOVJ000902ZAQWSSX4','M','Estado de Mexico',5512365490,'jmvilchis@hotmail.com','50740','Ixtlahuca','Reyes','Fuente de Ballecas','Avenida Principal');
INSERT INTO persona VALUES(16,'Margarita','Salinas','Martinez','SAMM991003XCDERRF5','F','Estado de Mexico',7121458963,'msmatinez@hotmail.com','50740','Ixtlahuca','Portesgil','AlvarezdeToledo','Avenida Principal');
INSERT INTO persona VALUES(17,'Jose','Garcia','Bara','GABJ981104VTGBNNH6','M','Estado de Mexico',5523159753,'jgbara@hotmail.com','50740','Ixtlahuca','Loma Hidalgo','Plaza de Felipe','Avenida Principal');
INSERT INTO persona VALUES(18,'Sofia','Mendoza','Alvarez','MEAS971205NMJUIIK7','F','Estado de Mexico',5515975336,'smalvarez@gmail.com','50740','Ixtlahuca','San Pedro','Plaza del Duque','Avenida Principal');
INSERT INTO persona VALUES(19,'Jesus','Carrillo','Vergara','CAVJ960106KLOPNNP8','M','Veracruz',7124563695,'jcvergara@hotmail.com','50740','Ixtlahuca','Santo Domingo','Las Bugambilias','Avenida Principal');
INSERT INTO persona VALUES(20,'Raul','Melquiades','Monrroy','MEMR950207LPOIKKM9','M','Estado de Mexico',5536987412,'rmoros@gmail.com','50740','Ixtlahuca','San Francisco','General Astray','Avenida Principal');
INSERT INTO persona VALUES(21,'Arturo','Valdez','Ortega','VAOA940308NJUYGGV0','M','Jalisco',5512369875,'avortega@hotmail.com','50740','Ixtlahuca','Cachi','Comandante Sorita','Avenida Principal');
INSERT INTO persona VALUES(22,'Reyna','Angeles','Miranda','ANMR930409MVHDZZB1','F','Estado de Mexico',551234569873,'ramiranda@gmail.com','50740','Ixtlahuca','Loma Hidalgo','Emiliano Zapata','Avenida Principal');
INSERT INTO persona VALUES(23,'Cesar','Santigo','Chavez','SACC940510QWEASSD2','M','Hidalgo',5585236974,'cschavez@gmail.com','50740','Ixtlahuca','San Juan','Tlalpan','Avenida Principal');
INSERT INTO persona VALUES(24,'Benito','Juarez','Garcia','JUGB920611NBHGYYT3','M','Estado de Mexico',7121159324,'bjgarcia@hotmail.com','50740','Ixtlahuca','Santa Maria','Bonita','Avenida Principal');
INSERT INTO persona VALUES(25,'Frida','Nava','Lopez','NALF910712LPOKVVB4','F','Estado de Mexico',5596301230,'fnlopez@hotmail.com','50740','Ixtlahuca','Nijini','16de Septiembre','Avenida Principal');
INSERT INTO persona VALUES(26,'Emanuel','Perez','Garcia','PEGE900813DFERCCG5','M','Estado de Mexico',7122123256,'epgarcia@gmail.com','50740','Ixtlahuca','Jiquipilco','La Cava','Avenida Principal');
INSERT INTO persona VALUES(27,'Edmundo','Chaves','Chaves','CHCE020914HGYTNNZ6','M','Estado de Mexico',5544663322,'ecchaves@gmail.com','50740','Ixtlahuca','Jocotitlan','Loma Verdes','Avenida Principal');
INSERT INTO persona VALUES(28,'Carla','Mendoza','Ortiz','MEOC011015MPNOBBI7','F','Monterrey',7121459852,'cmortiz@hotmail.com','50740','Ixtlahuca','Zapat','Calle Rosal','Avenida Principal');
INSERT INTO persona VALUES(29,'Samuel','Florencio','Veltran','FLVS001116QZWXEEC8','M','Estado de Mexico',5544220011,'sfveltran@hotmail.com','50740','Ixtlahuaca','Santa Maria','Venustiano','Avenida Principal');
INSERT INTO persona VALUES(30,'Samantha','Nava','Ayala','NAAS001217ALSKJJD9','F','Estado de Mexico',7121036987,'snayala@gmail.com','50740','Ixtlahuca','San Juan','Barrio Lindo','Avenida Principal');

#Docentes
INSERT INTO persona VALUES(31,'Teresa','Plata','Hernandez','PLHT900101QWXZSSD1','F','Estado de Mexico',7121893857,'tphernandez@gmail.com','50727','Jocotitlan','Los Reyes','Buenavista','Av. 20 de noviembre');
INSERT INTO persona VALUES(32,'Erika','Cortez','Nazar','CONE890202JHKGFFN2','F','Estado de Mexico',7122123618,'ecnazar@gmail.com','5798','concepcion de los baños','San pedro de los baños','Mavoro','calle 32-c');
INSERT INTO persona VALUES(33,'Juan','Olmedo','Lopez','OLLJ880303VFGBTTR3','M','Estado de Mexico',7223456894,'jcapolo@gmail.com','50600','Ixtlahuaca','san lorenzo toxico','manzana 8');
INSERT INTO persona VALUES(34,'Leticia','Bribisca','Castillo','BRCL870404QWASDDE4','F','Distrito Federal',5536275438,'lbcastillo@gmail.com','50740','los reyes la paz','santha martha','acatitla','nicolas bravo');
INSERT INTO persona VALUES(35,'Lorena','Cruz','Guzman','CRGL860505JHUYGGX5','F','Estado de Mexico',7224864434,'lcguzman@gmail.com','50780','los reyes la paz','Olimpia','Emiliano Zapata','lázaro cárdenas');
INSERT INTO persona VALUES(36,'Juan','Ambriz','Polo','AMPJ850606ERDFCCV6','M','Estado de Mexico',7122639491,'jambriz@gmail.com','50730','Atlacomulco','atravillacuatromilpas','rayon','Chabacano');
INSERT INTO persona VALUES(37,'Marcial','Martinez','Blas','MABM840707HGNBJJR7','M','Colima',7221807656,'mmblas@gmail.com','50727','Jocotitlan','santo domingo','dolores','soliralidad');
INSERT INTO persona VALUES(38,'Isaias','Vazquez', 'Juarez','VAJI830808YUNMLLA8','M','Estado de Mexico',7222517488,'ivjuarez@gmail.com','50890','Ixtlahuaca','San lorenzo toxico','río lerma','manzana5');
INSERT INTO persona VALUES(39,'Juan Carlos','Suarez','Sanchez','SUSJ820909EDIKTTG9','M','Estado de Mexico',7122457558,'jssanchez@gmail.col','50980','Atlacomulco','sancarlos','Buenavista','calle manzano');
INSERT INTO persona VALUES(40,'Bruno Emyr','Carreto','Cid de Leon','CACB811010KLASXXN0','M','Campeche',7221440956,'becleon@gmail.com','50739','Toluca','Lerdo','san mateo atenco','Josemaria');
INSERT INTO persona VALUES(41,'Froylan','Verdugo','Ortiz','VEOF801111HGNBYYZ1','M','Estado de Mexico',5583542298,'fvortiz@gmail.com','50200','Toluca','Barrio santa clara','sanjoaquin','callemorelos');
INSERT INTO persona VALUES(42,'Hector','Caballero','Hernandez','CAHH901212TYRUEEI2','M','Estado de Mexico',7221163712,'hchernandez@gmail.com','50620','san martín','robles','atlavilla','calle la mora');
INSERT INTO persona VALUES(43,'Leopoldo','Gil','Antonio','GIAL890113ZMXNVVT3','M','Estado de Mexico',7124356789,'lgantonio@gmail.com','50230','toluca','barrio la merced','buenavista','calletexcoco');
INSERT INTO persona VALUES(44,'Juan','Alberto','Antonio','ALAJ880214EFJABBZ4','M','Tabasco',7124237690,'jaantonio@gmail.com','50780','Jocotitlan','barrio la teneria','bolivia','paseo tollocan');
INSERT INTO persona VALUES(45,'Alfredo','Martinez','Mora','MAMA870315FTILWWF5','M','Estado de Mexico',7224235678,'ammora@gmail.com','50720','morelos','toluca','buenavista','calle alpinismo');
INSERT INTO persona VALUES(46,'Alma','Balderas','Miranda','BAMA860416SDRFKKU6','F','Estado de Mexico',7121345544,'abmiranda@gmail.com','50980','Toluca','milpa alta','tollocan ','calle nicolás bravo');
INSERT INTO persona VALUES(47,'Antonio','Salvador','Valdez','SAVA850517HGJYNNA7','M','Veracruz',7123456789,'asvaldez@gmail.com','50783','Rayón','Olmedo','Altamirano','calle wenceslao');
INSERT INTO persona VALUES(48,'Ximena','Sanches','Mota','SAMX840618RUDFBBL8','F','Estado de Mexico',5563247890,'xsmota@gmail.com','50659','Atlavillla','san martin','palmillas','callepotrero');
INSERT INTO persona VALUES(49,'Carmela','Sosa','Martines','SOMC830719NJIMKKC9','F','Estado de Mexico',7124364565,'csmartinez@gmail.com','50789','metepec','Morelos','rayon','calle5demayo');
INSERT INTO persona VALUES(50,'Maria','Hernandez','Matias','HEMM820820FREDMMA0','F','Queretaro',5568903420,'mhmatias@gmail.com','50980','Ixtlahuaca','Temoaya','sanmiartin','callecañada');
INSERT INTO persona VALUES(51,'Oscar','Andrade','Betancourt','ANBO810921BGTZSSY1','M','Estado de Mexico',5568342819,'oabetancourtqgmail.com','50670','Ixtlahuaca','San lorenzo','Toxico','Manzana1');
INSERT INTO persona VALUES(52,'Thania','Cruz','Olvera','CROT801022COTMNNQ2','F','Estado de Mexico',5534227860,'tcolvera@gmail.com','50489','Ixtapaluca','Iztapalapa','buenavista','callebravo');
INSERT INTO persona VALUES(53,'Fabian','Cruz','Miranda','CRMF901123RGUJOOE3','M','Distrito Federal',5563457890,'fcmiranda@gmail.com','50706','Jocotitlan','Morelos','santa teresa','calle ascencion');
INSERT INTO persona VALUES(54,'Luis Fernado','Miranda','Bolaños','MIBL891224SECAUUV4','M','Estado de Mexico',7134568990,'lfmbolaños@gmail.com','50789','Metepec','Morelos','barrio nopaleras','callevalentingomezfarias');
INSERT INTO persona VALUES(55,'Fatima','Sanches','Medina','SAMF880125VFGBDDA5','F','Estado de Mexico',5534271430,'fsmedina@gmail.com','50723','toluca','rayon ','Morelos','callebienvenida');
INSERT INTO persona VALUES(56,'Ivan','Silva','Reyes','SIRI870226IRUEBBX6','M','Monterrey',5567894332,'isreyes@gmail.com','50780','atlacomulco','milpalta','reyes','calleodilon');
INSERT INTO persona VALUES(57,'Jesus Eduardo','Fuentez','Quezada','FUQJ860327HGYTEEB7','M','Estado de Mexico',7129356780,'jefquezada@gmail.com','50789','ixtlahuaca','rayon','Sanlorenzo','calleazalea');
INSERT INTO persona VALUES(58,'Jackelin','Orduña','Antonio','ORAJ850428CHFBJJT8','F','Estado de Mexico',5534678856,'joantonio@gmail.com','50625','jocotitlan','Losreyes','barriomartin','callegomezfarias');
INSERT INTO persona VALUES(59,'Shunely','Bonifacio','De Jesus','BODS840529NBHFSSW9','F','Hidalgo',7345689030,'50789','Metepec','Morelos','Farias','Magdalena','callegeranio');
INSERT INTO persona VALUES(60,'Luis','Nava','Martinez','NAML830430NHYKYYZ0','M','Estado de Mexico',7122456734,'lnmartinez@gmail.com','5760','Ixtlahuaca','rayon','San Lorenzo Toxico','Manzana 1');

#Tabla Opcion
INSERT INTO opcion VALUES (0,'EQUIV','No_Cursada',' Curso Especial');
INSERT INTO opcion VALUES (1,'CN1','Primera Oportunidad O','Curso Ordinario');
INSERT INTO opcion VALUES (2,'ER1','Segunda Oportunidad O','Curso Ordinario');
INSERT INTO opcion VALUES (3,'EEX','Curso sabatino','Curso Especial');
INSERT INTO opcion VALUES (4,'CN2','Primera Oportunidad R','Curso Recurse');
INSERT INTO opcion VALUES (5,'ER2','Segunda Oportunidad R','Curso Recurse');
INSERT INTO opcion VALUES (6,'EG1','Curso Verano O','Curso Ordinario');
INSERT INTO opcion VALUES (7,'EG2','Curso Verano E','Curso Especial');
INSERT INTO opcion VALUES (8,'EE','Especial','Curso Especial');

# Registros Alumnos
INSERT INTO alumnos VALUES ('2018150480052',01);
INSERT INTO alumnos VALUES ('2018150480053',02);
INSERT INTO alumnos VALUES ('2018150480054',03);
INSERT INTO alumnos VALUES ('2018150480055',04);
INSERT INTO alumnos VALUES ('2018150480056',05);
INSERT INTO alumnos VALUES ('2018150480057',06);
INSERT INTO alumnos VALUES ('2018150480058',07);
INSERT INTO alumnos VALUES ('2018150480059',08);
INSERT INTO alumnos VALUES ('2018150480060',09);
INSERT INTO alumnos VALUES ('2018150480061',10);

INSERT INTO alumnos VALUES('2018150480195',11);
INSERT INTO alumnos VALUES('2018150480034',12);
INSERT INTO alumnos VALUES('2018150480572',13);
INSERT INTO alumnos VALUES('2018150480246',14);
INSERT INTO alumnos VALUES('2018150480125',15);
INSERT INTO alumnos VALUES('2018150480873',16);
INSERT INTO alumnos VALUES('2018150480164',17);
INSERT INTO alumnos VALUES('2018150480073',18);
INSERT INTO alumnos VALUES('2018150480724',19);
INSERT INTO alumnos VALUES('2018150480936',20);

INSERT INTO alumnos VALUES ('2018150480900',21);
INSERT INTO alumnos VALUES ('2018150480915',22);
INSERT INTO alumnos VALUES ('2018150480945',23);
INSERT INTO alumnos VALUES ('2018150480975',24);
INSERT INTO alumnos VALUES ('2018150480969',25);
INSERT INTO alumnos VALUES ('2018150480947',26);
INSERT INTO alumnos VALUES ('2018150480930',27);
INSERT INTO alumnos VALUES ('2018150480974',28);
INSERT INTO alumnos VALUES ('2018150480985',29);
INSERT INTO alumnos VALUES ('2018150480988',30);

# Registros Unidades
INSERT INTO unidades VALUES ('SCD-1003-1',1,'Arquitecturas de cómputo','SCD-1003');
INSERT INTO unidades VALUES ('SCD-1003-2',2,'Estructura y funcionamiento de la CPU','SCD-1003');
INSERT INTO unidades VALUES ('SCD-1003-3',3,'Componentes para ensamble de equipo de computo','SCD-1003');
INSERT INTO unidades VALUES ('SCD-1003-4',4,'Procesamiento paralelo','SCD-1003');
INSERT INTO unidades VALUES ('AEC-1061-1',1,'Sistemas operativos','AEC-1061');
INSERT INTO unidades VALUES ('AEC-1061-2',2,'Administracion de procesos y hyperprocesador','AEC-1061');
INSERT INTO unidades VALUES ('AEC-1061-3',3,'Administracion de memoria','AEC-1061');
INSERT INTO unidades VALUES ('AEC-1061-4',4,'Administracion de Entrada-Salida','AEC-1061');
INSERT INTO unidades VALUES ('AEC-1061-5',5,'Sistemas de archivos','AEC-1061');
INSERT INTO unidades VALUES ('AEC-1061-6',6,'Proteccion y seguridad','AEC-1061');

INSERT INTO unidades VALUES('SCC-1007-1',1,'Fundamentos de Ingeneria en Software','SCC-1007');
INSERT INTO unidades VALUES('SCC-1010-5',5,'Introduccion a la Animacion Por Computadora','SCC-1010');
INSERT INTO unidades VALUES('SCC-1007-2',2,'El modelo de negocio','SCC-1007');
INSERT INTO unidades VALUES('SCC-1007-3',3,'Ingenria de Requerimentos','SCC-1007');
INSERT INTO unidades VALUES('SCC-1007-4',4,'Modelo de Analisis','SCC-1007');
INSERT INTO unidades VALUES('SCC-1007-5',5,'Calidad de Software','SCC-1007');
INSERT INTO unidades VALUES('SCC-1010-1',1,'Introduccion a la Graficacion Por Computadora','SCC-1010');
INSERT INTO unidades VALUES('SCC-1010-2',2,'Graficacion 2D','SCC-1010');
INSERT INTO unidades VALUES('SCC-1010-3',3,'Graficacion 3D','SCC-1010');
INSERT INTO unidades VALUES('SCC-1010-4',4,'Relleno, Iluminacion y Sombreado','SCC-1010');

INSERT INTO unidades VALUES('SCA-1025-1',1,'El SGBD y el Lenguaje de Definición de Datos ','SCA-1025');
INSERT INTO unidades VALUES('SCA-1025-2',2,'Lenguaje de Manipulación de Datos ','SCA-1025');
INSERT INTO unidades VALUES('SCA-1025-3',3,'Administración de base de datos ','SCA-1025');
INSERT INTO unidades VALUES('SCA-1025-4',4,'SQL Procedural ','SCA-1025');
INSERT INTO unidades VALUES('SCA-1025-5',5,'Tecnologías de conectividad de base de datos ','SCA-1025');
INSERT INTO unidades VALUES('AEC-1034-1',1,'Sistema de comunicación','AEC-1034');
INSERT INTO unidades VALUES('AEC-1034-2',2,'Medios de transmisión','AEC-1034');
INSERT INTO unidades VALUES('AEC-1034-3',3,'Modulación ','AEC-1034');
INSERT INTO unidades VALUES('AEC-1034-4',4,'Técnicas de conmutación y multiplexación','AEC-1034');
INSERT INTO unidades VALUES('AEC-1034-5',5,'Modelos y dispositivos de comunicación','AEC-1034');
                            
#Insercion de calificaciones 
INSERT INTO calificaciones VALUES('2018150480052','SCD-1003-1',89,1);
INSERT INTO calificaciones VALUES('2018150480052','SCD-1003-2',79,1);
INSERT INTO calificaciones VALUES('2018150480052','SCD-1003-3',90,1);
INSERT INTO calificaciones VALUES('2018150480052','SCD-1003-4',86,1);
INSERT INTO calificaciones VALUES('2018150480052','AEC-1061-1',89,1);
INSERT INTO calificaciones VALUES('2018150480052','AEC-1061-2',100,1);
INSERT INTO calificaciones VALUES('2018150480053','SCD-1003-1',78,2);
INSERT INTO calificaciones VALUES('2018150480054','SCD-1003-1',80,1);
INSERT INTO calificaciones VALUES('2018150480055','SCD-1003-1',82,1);
INSERT INTO calificaciones VALUES('2018150480056','SCD-1003-3',90,1);
INSERT INTO calificaciones VALUES('2018150480057','SCD-1003-3',87,2);
INSERT INTO calificaciones VALUES('2018150480058','SCD-1003-3',75,1);
INSERT INTO calificaciones VALUES('2018150480059','SCD-1003-3',74,2);
INSERT INTO calificaciones VALUES('2018150480060','SCC-1010-2',91,1);
INSERT INTO calificaciones VALUES('2018150480061','SCC-1010-2',86,2);
INSERT INTO calificaciones VALUES('2018150480195','SCC-1010-2',89,4);
INSERT INTO calificaciones VALUES('2018150480034','SCD-1003-2',91,5);
INSERT INTO calificaciones VALUES('2018150480572','SCD-1003-2',83,2);
INSERT INTO calificaciones VALUES('2018150480246','SCD-1003-2',84,1);
INSERT INTO calificaciones VALUES('2018150480125','SCD-1003-2',85,4);
INSERT INTO calificaciones VALUES('2018150480873','SCD-1003-4',95,1);
INSERT INTO calificaciones VALUES('2018150480164','SCD-1003-4',75,1);
INSERT INTO calificaciones VALUES('2018150480073','SCD-1003-4',60,2);
INSERT INTO calificaciones VALUES('2018150480724','SCD-1003-4',75,4);
INSERT INTO calificaciones VALUES('2018150480936','AEC-1034-5',96,2);
INSERT INTO calificaciones VALUES('2018150480900','AEC-1034-5',85,3);
INSERT INTO calificaciones VALUES('2018150480915','AEC-1034-5',79,6);
INSERT INTO calificaciones VALUES('2018150480945','AEC-1034-3',81,3);
INSERT INTO calificaciones VALUES('2018150480975','AEC-1034-3',86,1);
INSERT INTO calificaciones VALUES('2018150480969','AEC-1034-3',89,2);
INSERT INTO calificaciones VALUES('2018150480947','AEC-1034-2',70,3);
INSERT INTO calificaciones VALUES('2018150480930','AEC-1034-2',65,2);
INSERT INTO calificaciones VALUES('2018150480974','AEC-1034-2',93,4);
INSERT INTO calificaciones VALUES('2018150480985','AEC-1034-2',69,6);

			    
#Insercion de datos en la tabla preinscripcion                                                
INSERT INTO preinscripcion (folio, fecha, carrera_alterna1, carrera_alterna2, carrera_alterna3, id_persona, fotografia, escuela_procedencia, municipio_escuela, promedio) VALUES (55001, '//', pendiente, pendiente, pendiente, 01, imagen1.jpg, 'CBT Lic. MArio Colín Sánchez', 'Atlacomulco', '92-95');
INSERT INTO preinscripcion (folio, fecha, carrera_alterna1, carrera_alterna2, carrera_alterna3, id_persona, fotografia, escuela_procedencia, municipio_escuela, promedio) VALUES (55002, '//', pendiente, pendiente, pendiente, 02, imagen2.jpg, 'Escuela Preparatoria Oficial N.56', 'Jocotitlan', '88-91');
INSERT INTO preinscripcion (folio, fecha, carrera_alterna1, carrera_alterna2, carrera_alterna3, id_persona, fotografia, escuela_procedencia, municipio_escuela, promedio) VALUES (55003, '//', pendiente, pendiente, pendiente, 03, imagen3.jpg, 'CBT Dr. Maximiliano Ruiz Castañeda', 'Jocotitlá', '77-80');
INSERT INTO preinscripcion (folio, fecha, carrera_alterna1, carrera_alterna2, carrera_alterna3, id_persona, fotografia, escuela_procedencia, municipio_escuela, promedio) VALUES (55004, '//', pendiente, pendiente, pendiente, 04, imagen4.jpg, 'CECyTEM Plantel Ixtlahuaca', 'Ixtlahuaca', '94-97');
INSERT INTO preinscripcion (folio, fecha, carrera_alterna1, carrera_alterna2, carrera_alterna3, id_persona, fotografia, escuela_procedencia, municipio_escuela, promedio) VALUES (55005, '//', pendiente, pendiente, pendiente, 05, imagen5.jpg, 'Escuela Preparatoria Oficial No. 58', 'San Felipe Santiago', '73-76');
INSERT INTO preinscripcion (folio, fecha, carrera_alterna1, carrera_alterna2, carrera_alterna3, id_persona, fotografia, escuela_procedencia, municipio_escuela, promedio) VALUES (55006, '//', pendiente, pendiente, pendiente, 06, imagen6.jpg, 'Preparatoria Nueva Creación', 'San Bartolo Oxtotitlán', '93-96');
INSERT INTO preinscripcion (folio, fecha, carrera_alterna1, carrera_alterna2, carrera_alterna3, id_persona, fotografia, escuela_procedencia, municipio_escuela, promedio) VALUES (55007, '//', pendiente, pendiente, pendiente, 07, imagen7.jpg, 'ESCUELA PREPARATORIA OFICIAL NUM. 176', 'San Bartolo del Llano', '79-82');
INSERT INTO preinscripcion (folio, fecha, carrera_alterna1, carrera_alterna2, carrera_alterna3, id_persona, fotografia, escuela_procedencia, municipio_escuela, promedio) VALUES (55008, '//', pendiente, pendiente, pendiente, 08, imagen8.jpg, 'CECYTEM PLANTEL JIQUIPILCO', 'Jiquipilco', '80-83');
INSERT INTO preinscripcion (folio, fecha, carrera_alterna1, carrera_alterna2, carrera_alterna3, id_persona, fotografia, escuela_procedencia, municipio_escuela, promedio) VALUES (55009, '//', pendiente, pendiente, pendiente, 09, imagen9.jpg, 'Escuela Preparatoria Oficial No. 136', 'Ixtlahuaca', '84-87');
INSERT INTO preinscripcion (folio, fecha, carrera_alterna1, carrera_alterna2, carrera_alterna3, id_persona, fotografia, escuela_procedencia, municipio_escuela, promedio) VALUES (55010, '//', pendiente, pendiente, pendiente, 10, imagen10.jpg, 'Escuela Preparatoria Oficial Número 59', 'Ixtlahuaca', '87-90');
INSERT INTO preinscripcion (folio, fecha, carrera_alterna1, carrera_alterna2, carrera_alterna3, id_persona, fotografia, escuela_procedencia, municipio_escuela, promedio) VALUES (55011, '//', pendiente, pendiente, pendiente, 11, imagen11.jpg, 'Maestro Pedro León', 'Ixtlahuaca', '78-81');
INSERT INTO preinscripcion (folio, fecha, carrera_alterna1, carrera_alterna2, carrera_alterna3, id_persona, fotografia, escuela_procedencia, municipio_escuela, promedio) VALUES (55012, '//', pendiente, pendiente, pendiente, 12, imagen12.jpg, 'Centro de Estudios de Bachillerato #69', 'Ixtlahuaca', '90-93');
INSERT INTO preinscripcion (folio, fecha, carrera_alterna1, carrera_alterna2, carrera_alterna3, id_persona, fotografia, escuela_procedencia, municipio_escuela, promedio) VALUES (55013, '//', pendiente, pendiente, pendiente, 13, imagen13.jpg, 'Escuela Preparatoria Químico José Donaciano Morales', 'Ixtlahuaca', '95-98');
INSERT INTO preinscripcion (folio, fecha, carrera_alterna1, carrera_alterna2, carrera_alterna3, id_persona, fotografia, escuela_procedencia, municipio_escuela, promedio) VALUES (55014, '//', pendiente, pendiente, pendiente, 14, imagen14.jpg, 'Colegio Mexiquense de Educación Técnica Plantel Ixtlahuaca', 'Ixtlahuaca', '77-80');
INSERT INTO preinscripcion (folio, fecha, carrera_alterna1, carrera_alterna2, carrera_alterna3, id_persona, fotografia, escuela_procedencia, municipio_escuela, promedio) VALUES (55015, '//', pendiente, pendiente, pendiente, 15, imagen15.jpg, 'Escuela Preparatoria Oficial No. 071', 'Jiquipilco', '95-98');
INSERT INTO preinscripcion (folio, fecha, carrera_alterna1, carrera_alterna2, carrera_alterna3, id_persona, fotografia, escuela_procedencia, municipio_escuela, promedio) VALUES (55016, '//', pendiente, pendiente, pendiente, 16, imagen16.jpg, 'Preparatoria General No. EPO 172 ', 'Temoaya', '77-80');
INSERT INTO preinscripcion (folio, fecha, carrera_alterna1, carrera_alterna2, carrera_alterna3, id_persona, fotografia, escuela_procedencia, municipio_escuela, promedio) VALUES (55017, '//', pendiente, pendiente, pendiente, 17, imagen17.jpg, 'PREPARATORIA OFICIAL 292', 'Temoaya', '88-91');
INSERT INTO preinscripcion (folio, fecha, carrera_alterna1, carrera_alterna2, carrera_alterna3, id_persona, fotografia, escuela_procedencia, municipio_escuela, promedio) VALUES (55018, '//', pendiente, pendiente, pendiente, 18, imagen18.jpg, 'Escuela Preparatoria Oficial No. 303', 'Ixtlahuaca', '98-100');
INSERT INTO preinscripcion (folio, fecha, carrera_alterna1, carrera_alterna2, carrera_alterna3, id_persona, fotografia, escuela_procedencia, municipio_escuela, promedio) VALUES (55019, '//', pendiente, pendiente, pendiente, 19, imagen19.jpg, 'Preparatoria Regional de Villa Victoria', 'San Pedro del Rincon', '90-93');
INSERT INTO preinscripcion (folio, fecha, carrera_alterna1, carrera_alterna2, carrera_alterna3, id_persona, fotografia, escuela_procedencia, municipio_escuela, promedio) VALUES (55020, '//', pendiente, pendiente, pendiente, 20, imagen20.jpg, 'Escuela Preparatoria Oficial No. 303', 'Ixtlahuaca', '77-80');
INSERT INTO preinscripcion (folio, fecha, carrera_alterna1, carrera_alterna2, carrera_alterna3, id_persona, fotografia, escuela_procedencia, municipio_escuela, promedio) VALUES (55021, '//', pendiente, pendiente, pendiente, 21, imagen21.jpg, 'Escuela Preparatoria Oficial N.56', 'Jocotitlan', '70-73');
INSERT INTO preinscripcion (folio, fecha, carrera_alterna1, carrera_alterna2, carrera_alterna3, id_persona, fotografia, escuela_procedencia, municipio_escuela, promedio) VALUES (55022, '//', pendiente, pendiente, pendiente, 22, imagen22.jpg, 'CBT Dr. Maximiliano Ruiz Castañeda', 'Jocotitlá', '91-94');
INSERT INTO preinscripcion (folio, fecha, carrera_alterna1, carrera_alterna2, carrera_alterna3, id_persona, fotografia, escuela_procedencia, municipio_escuela, promedio) VALUES (55023, '//', pendiente, pendiente, pendiente, 23, imagen23.jpg, 'Preparatoria Nueva Creación', 'San Bartolo Oxtotitlán', '82-85');
INSERT INTO preinscripcion (folio, fecha, carrera_alterna1, carrera_alterna2, carrera_alterna3, id_persona, fotografia, escuela_procedencia, municipio_escuela, promedio) VALUES (55024, '//', pendiente, pendiente, pendiente, 24, imagen24.jpg, 'Centro de Estudios de Bachillerato #69', 'Ixtlahuaca', '88-91');
INSERT INTO preinscripcion (folio, fecha, carrera_alterna1, carrera_alterna2, carrera_alterna3, id_persona, fotografia, escuela_procedencia, municipio_escuela, promedio) VALUES (55025, '//', pendiente, pendiente, pendiente, 25, imagen25.jpg, 'Escuela Preparatoria Oficial No. 303', 'Ixtlahuaca' '80-83');
INSERT INTO preinscripcion (folio, fecha, carrera_alterna1, carrera_alterna2, carrera_alterna3, id_persona, fotografia, escuela_procedencia, municipio_escuela, promedio) VALUES (55026, '//', pendiente, pendiente, pendiente, 26, imagen26.jpg, 'CBT Lic. MArio Colín Sánchez', 'Atlacomulco', '99-100');
INSERT INTO preinscripcion (folio, fecha, carrera_alterna1, carrera_alterna2, carrera_alterna3, id_persona, fotografia, escuela_procedencia, municipio_escuela, promedio) VALUES (55027, '//', pendiente, pendiente, pendiente, 27, imagen27.jpg, 'Maestro Pedro León', 'Ixtlahuaca', '76-79');
INSERT INTO preinscripcion (folio, fecha, carrera_alterna1, carrera_alterna2, carrera_alterna3, id_persona, fotografia, escuela_procedencia, municipio_escuela, promedio) VALUES (55028, '//', pendiente, pendiente, pendiente, 28, imagen28.jpg, 'Escuela Preparatoria Químico José Donaciano Morales', 'Ixtlahuaca', '85-88');
INSERT INTO preinscripcion (folio, fecha, carrera_alterna1, carrera_alterna2, carrera_alterna3, id_persona, fotografia, escuela_procedencia, municipio_escuela, promedio) VALUES (55029, '//', pendiente, pendiente, pendiente, 29, imagen29.jpg, 'Preparatoria General No. EPO 172 ', 'Temoaya', '71-74');
INSERT INTO preinscripcion (folio, fecha, carrera_alterna1, carrera_alterna2, carrera_alterna3, id_persona, fotografia, escuela_procedencia, municipio_escuela, promedio) VALUES (55030, '//', pendiente, pendiente, pendiente, 30, imagen30.jpg, 'Colegio Mexiquense de Educación Técnica Plantel Ixtlahuaca', 'Ixtlahuaca', '94-97');
#Insercion resultados examen
INSERT INTO Resultado VALUES (	1000001,	'APROBADO'	,1000,	55001,	90);
INSERT INTO Resultado VALUES (	1000002,	'RECHAZADO'	,1001,	55002,	40);
INSERT INTO Resultado VALUES (	1000003,	'RECHAZADO'	,1002,	55003,	22);
INSERT INTO Resultado VALUES (	1000004,	'APROBADO'	,1003,	55004,	110);
INSERT INTO Resultado VALUES (	1000005,	'RECHAZADO'	,1004,	55005,	24);
INSERT INTO Resultado VALUES (	1000006,	'RECHAZADO'	,1005,	55006,	78);
INSERT INTO Resultado VALUES (	1000007,	'RECHAZADO'	,1006,	55007,	10);
INSERT INTO Resultado VALUES (	1000008,	'APROBADO'	,1007,	55008,	85);
INSERT INTO Resultado VALUES (	1000009,	'APROBADO'	,1008,	55009,	89);
INSERT INTO Resultado VALUES (	1000010,	'RECHAZADO'	,1009,	55010,	36);
INSERT INTO Resultado VALUES (	1000011,	'APROBADO'	,1010,	55011,	95);
INSERT INTO Resultado VALUES (	1000012,	'APROBADO'	,1011,	55012,	91);
INSERT INTO Resultado VALUES (	1000013,	'APROBADO'	,1012,	55013,	120);
INSERT INTO Resultado VALUES (	1000014,	'APROBADO'	,1013,	55014,	115);
INSERT INTO Resultado VALUES (	1000015,	'APROBADO'	,1014,	55015,	94);
INSERT INTO Resultado VALUES (	1000016,	'RECHAZADO'	,1015,	55016,	77);
INSERT INTO Resultado VALUES (	1000017,	'RECHAZADO'	,1016,	55017,	50);
INSERT INTO Resultado VALUES (	1000018,	'RECHAZADO'	,1017,	55018,	48);
INSERT INTO Resultado VALUES (	1000019,	'RECHAZADO'	,1018,	55019,	69);
INSERT INTO Resultado VALUES (	1000020,	'APROBADO'	,1019,	55020,	87);
INSERT INTO Resultado VALUES (	1000021,	'RECHAZADO'	,1020,	55021,	73);
INSERT INTO Resultado VALUES (	1000022,	'RECHAZADO'	,1021,	55022,	79);
INSERT INTO Resultado VALUES (	1000023,	'APROBADO'	,1022,	55023,	83);
INSERT INTO Resultado VALUES (	1000024,	'APROBADO'	,1023,	55024,	105);
INSERT INTO Resultado VALUES (	1000025,	'APROBADO'	,1024,	55025,	109);
INSERT INTO Resultado VALUES (	1000026,	'APROBADO'	,1025,	55026,	90);
INSERT INTO Resultado VALUES (	1000027,	'RECHAZADO'	,1026,	55027,	78);
INSERT INTO Resultado VALUES (	1000028,	'APROBADO'	,1027,	55028,	88);
INSERT INTO Resultado VALUES (	1000029,	'APROBADO'	,1028,	55029,	87);
INSERT INTO Resultado VALUES (	1000030,	'RECHAZADO'	,1029,	55030,	57);

			    
#Incercion en tabla constancias
insert into constancia values(8500,'02/02/2020','2018150480052',9600,13000);
insert into constancia values(8501,'09/01/2020','2018150480053',9600,13001);
insert into constancia values(8502,'19/11/2020','2018150480054',9600,13002);
insert into constancia values(8503,'22/09/2020','2018150480055',9600,13003);
insert into constancia values(8504,'25/06/2020','2018150480056',9600,13004);
insert into constancia values(8505,'06/04/2020','2018150480057',9601,13005);
insert into constancia values(8506,'16/03/2020','2018150480058',9601,13006);
insert into constancia values(8507,'30/10/2020','2018150480059',9601,13007);
insert into constancia values(8508,'25/07/2020','2018150480060',9601,13008);
insert into constancia values(8509,'02/08/2020','2018150480061',9601,13009);

insert into constancia values(8510,'23/02/2020','2018150480195',9602,13010);
insert into constancia values(8511,'11/04/2020','2018150480034',9602,13011);
insert into constancia values(8512,'05/12/2020','2018150480572',9602,13012);
insert into constancia values(8513,'10/10/2020','2018150480246',9602,13013);
insert into constancia values(8514,'15/05/2020','2018150480125',9602,13014);
insert into constancia values(8515,'21/08/2020','2018150480873',9603,13015);
insert into constancia values(8516,'03/04/2020','2018150480164',9603,13016);
insert into constancia values(8517,'26/06/2020','2018150480073',9603,13017);
insert into constancia values(8518,'09/07/2020','2018150480724',9603,13018);
insert into constancia values(8519,'13/12/2020','2018150480936',9603,13019);

insert into constancia values(8520,'07/10/2020','2018150480900',9604,13020);
insert into constancia values(8521,'14/03/2020','2018150480915',9604,13021);
insert into constancia values(8522,'01/08/2020','2018150480945',9604,13022);
insert into constancia values(8523,'27/06/2020','2018150480975',9604,13023);
insert into constancia values(8524,'12/05/2020','2018150480969',9604,13024);
insert into constancia values(8525,'13/11/2020','2018150480900',9605,13025);
insert into constancia values(8526,'05/02/2020','2018150480915',9605,13026);
insert into constancia values(8527,'18/12/2020','2018150480945',9605,13027);
insert into constancia values(8528,'01/09/2020','2018150480975',9605,13028);
insert into constancia values(8529,'17/01/2020','2018150480969',9605,13029);    
 #Incercion tabla tipo
insert into tipo values(9600,'Constancia de estudios','Especifica el semestre y carrera actualmente cursada');
insert into tipo values(9601,'Constancia de estudios con promedio general','Especifica el promedio de todos los semestres cursados');
insert into tipo values(9602,'Constancia de estudios con promedio del semestre inmediato anterior','Especifica el promerio del semestre anterior');
insert into tipo values(9603,'Constancia de estudios con calificaciones del semestre inmediato anterior','Especifica las calificaciones por materia del semestre anterior');
insert into tipo values(9604,'Historial Académico (Kardex)','Especifica las calificaciones de las materias de todos los semestres anteriores');
insert into tipo values(9605,'Boleta','Especifica las calificaicones por unidad de las materias del semestre terminado');
                        
 #insersion de datos en tabla grupo EN ORACLE       
INSERT INTO GRUPO VALUES (101,'A','LZ-301',PENDIENTE);
INSERT INTO GRUPO VALUES (102,'A','LZ-302',PENDIENTE);
INSERT INTO GRUPO VALUES (103,'A','LZ-303',PENDIENTE);
INSERT INTO GRUPO VALUES (104,'A','LZ-304',PENDIENTE);
INSERT INTO GRUPO VALUES (105,'A','LZ-305',PENDIENTE);

INSERT INTO GRUPO VALUES (106,'B','IC-101',PENDIENTE);
INSERT INTO GRUPO VALUES (107,'B','IC-102',PENDIENTE);
INSERT INTO GRUPO VALUES (108,'B','IC-103',PENDIENTE);
INSERT INTO GRUPO VALUES (109,'B','IC-104',PENDIENTE);
INSERT INTO GRUPO VALUES (110,'B','IC-105',PENDIENTE);

INSERT INTO GRUPO VALUES (111,'C','IM-701',PENDIENTE);
INSERT INTO GRUPO VALUES (112,'C','IM-702',PENDIENTE);
INSERT INTO GRUPO VALUES (113,'C','IM-703',PENDIENTE);
INSERT INTO GRUPO VALUES (114,'C','IM-704',PENDIENTE);
INSERT INTO GRUPO VALUES (115,'C','IM-705',PENDIENTE);

INSERT INTO GRUPO VALUES (116,'D','IF-501',PENDIENTE);
INSERT INTO GRUPO VALUES (117,'D','IF-502',PENDIENTE);
INSERT INTO GRUPO VALUES (118,'D','IF-503',PENDIENTE);
INSERT INTO GRUPO VALUES (119,'D','IF-504',PENDIENTE);
INSERT INTO GRUPO VALUES (120,'D','IF-505',PENDIENTE);

INSERT INTO GRUPO VALUES (121,'E','AI-601',PENDIENTE);
INSERT INTO GRUPO VALUES (122,'E','AI-602',PENDIENTE);
INSERT INTO GRUPO VALUES (123,'E','AI-603',PENDIENTE);
INSERT INTO GRUPO VALUES (124,'E','AI-604',PENDIENTE);
INSERT INTO GRUPO VALUES (125,'E','AI-605',PENDIENTE);

INSERT INTO GRUPO VALUES (126,'F','L0-201',PENDIENTE);
INSERT INTO GRUPO VALUES (127,'F','L0-202',PENDIENTE);
INSERT INTO GRUPO VALUES (128,'F','L0-203',PENDIENTE);
INSERT INTO GRUPO VALUES (129,'F','L0-204',PENDIENTE);
INSERT INTO GRUPO VALUES (130,'F','L0-205',PENDIENTE);
                            
                            
#Insersion de datos a tabla examen en ORACLE
INSERT INTO EXAMEN VALUES (1000,'14:23','25/11/2020','TESJo',pendiente,pendiente);
INSERT INTO EXAMEN VALUES (1001,'12:32','01/02/2021','TESJo',pendiente,pendiente);
INSERT INTO EXAMEN VALUES (1002,'10:21','03/02/2021','TESJo',pendiente,pendiente);
INSERT INTO EXAMEN VALUES (1003,'11:23','25/11/2021','TESJo',pendiente,pendiente);
INSERT INTO EXAMEN VALUES (1004,'21:32','25/11/2021','TESJo',pendiente,pendiente);
INSERT INTO EXAMEN VALUES (1005,'13:51','25/11/2021','TESJo',pendiente,pendiente);
INSERT INTO EXAMEN VALUES (1006,'19:55','25/11/2021','TESJo',pendiente,pendiente);
INSERT INTO EXAMEN VALUES (1007,'17:42','25/11/2021','TESJo',pendiente,pendiente);
INSERT INTO EXAMEN VALUES (1008,'07:21','25/11/2021','TESJo',pendiente,pendiente);
INSERT INTO EXAMEN VALUES (1010,'24:10','25/11/2021','TESJo',pendiente,pendiente);
INSERT INTO EXAMEN VALUES (1011,'11:54','25/11/2021','TESJo',pendiente,pendiente);
INSERT INTO EXAMEN VALUES (1012,'21:45','25/11/2021','TESJo',pendiente,pendiente);
INSERT INTO EXAMEN VALUES (1013,'22:34','25/11/2021','TESJo',pendiente,pendiente);
INSERT INTO EXAMEN VALUES (1014,'20:14','25/11/2021','TESJo',pendiente,pendiente);
INSERT INTO EXAMEN VALUES (1015,'12:53','25/11/2021','TESJo',pendiente,pendiente);
INSERT INTO EXAMEN VALUES (1016,'08:23','25/11/2021','TESJo',pendiente,pendiente);
INSERT INTO EXAMEN VALUES (1017,'09:54','25/11/2021','TESJo',pendiente,pendiente);
INSERT INTO EXAMEN VALUES (1018,'21:46','25/11/2021','TESJo',pendiente,pendiente);
INSERT INTO EXAMEN VALUES (1019,'22:31','25/11/2021','TESJo',pendiente,pendiente);
INSERT INTO EXAMEN VALUES (1020,'23:59','25/11/2021','TESJo',pendiente,pendiente);
INSERT INTO EXAMEN VALUES (1021,'13:56','25/11/2021','TESJo',pendiente,pendiente);
INSERT INTO EXAMEN VALUES (1022,'16:40','25/11/2021','TESJo',pendiente,pendiente);
INSERT INTO EXAMEN VALUES (1023,'10:22','25/11/2021','TESJo',pendiente,pendiente);
INSERT INTO EXAMEN VALUES (1024,'19:12','25/11/2021','TESJo',pendiente,pendiente);
INSERT INTO EXAMEN VALUES (1025,'20:11','25/11/2021','TESJo',pendiente,pendiente);
INSERT INTO EXAMEN VALUES (1026,'18:47','25/11/2021','TESJo',pendiente,pendiente);
INSERT INTO EXAMEN VALUES (1027,'08:21','25/11/2021','TESJo',pendiente,pendiente);
INSERT INTO EXAMEN VALUES (1028,'12:54','25/11/2021','TESJo',pendiente,pendiente);
INSERT INTO EXAMEN VALUES (1029,'07:13','25/11/2021','TESJo',pendiente,pendiente);
                           
                            
# Registros de la Tabla PAGOS
INSERT INTO PAGOS VALUES (11001, '970000219016255724543393201', 'Inscripción', 3055);
INSERT INTO PAGOS VALUES (11002, '970000219016255724543393202', 'Inscripción', 3055);
INSERT INTO PAGOS VALUES (11003, '970000219016255724543393203', 'Inscripción', 3055);
INSERT INTO PAGOS VALUES (11004, '970000219016255724543393204', 'Inscripción', 3055);
INSERT INTO PAGOS VALUES (11005, '970000219016255724543393205', 'Inscripción', 3055);
INSERT INTO PAGOS VALUES (11006, '970000219016255724543393206', 'Inscripción', 3055);
INSERT INTO PAGOS VALUES (11007, '970000219016255724543393207', 'Inscripción', 3055);

			    
			    
			    
			    
			    
			    
#Pagos constancias
INSERT INTO PAGOS VALUES (18000, '970000219016255724543393900', 'Constancia', 40);
INSERT INTO PAGOS VALUES (18001, '970000219016255724543393901', 'Constancia', 40);
INSERT INTO PAGOS VALUES (18002, '970000219016255724543393902', 'Constancia', 40);
INSERT INTO PAGOS VALUES (18003, '970000219016255724543393903', 'Constancia', 40);
INSERT INTO PAGOS VALUES (18004, '970000219016255724543393904', 'Constancia', 40);
INSERT INTO PAGOS VALUES (18005, '970000219016255724543393905', 'Constancia', 40);
INSERT INTO PAGOS VALUES (18006, '970000219016255724543393906', 'Constancia', 40);
INSERT INTO PAGOS VALUES (18007, '970000219016255724543393907', 'Constancia', 40);
INSERT INTO PAGOS VALUES (18008, '970000219016255724543393908', 'Constancia', 40);
INSERT INTO PAGOS VALUES (18009, '970000219016255724543393909', 'Constancia', 40);


INSERT INTO PAGOS VALUES (18010, '970000219016255724543393910', 'Constancia', 40);
INSERT INTO PAGOS VALUES (18011, '970000219016255724543393911', 'Constancia', 40);
INSERT INTO PAGOS VALUES (18012, '970000219016255724543393912', 'Constancia', 40);
INSERT INTO PAGOS VALUES (18013, '970000219016255724543393913', 'Constancia', 40);
INSERT INTO PAGOS VALUES (18014, '970000219016255724543393914', 'Constancia', 40);
INSERT INTO PAGOS VALUES (18015, '970000219016255724543393915', 'Constancia', 40);
INSERT INTO PAGOS VALUES (18016, '970000219016255724543393916', 'Constancia', 40);
INSERT INTO PAGOS VALUES (18017, '970000219016255724543393917', 'Constancia', 40);
INSERT INTO PAGOS VALUES (18018, '970000219016255724543393918', 'Constancia', 40);
INSERT INTO PAGOS VALUES (18019, '970000219016255724543393919', 'Constancia', 40);

INSERT INTO PAGOS VALUES (18020, '970000219016255724543393920', 'Constancia', 40);
INSERT INTO PAGOS VALUES (18021, '970000219016255724543393921', 'Constancia', 40);
INSERT INTO PAGOS VALUES (18022, '970000219016255724543393922', 'Constancia', 40);
INSERT INTO PAGOS VALUES (18023, '970000219016255724543393923', 'Constancia', 40);
INSERT INTO PAGOS VALUES (18024, '970000219016255724543393924', 'Constancia', 40);
INSERT INTO PAGOS VALUES (18025, '970000219016255724543393925', 'Constancia', 40);
INSERT INTO PAGOS VALUES (18026, '970000219016255724543393926', 'Constancia', 40);
INSERT INTO PAGOS VALUES (18027, '970000219016255724543393927', 'Constancia', 40);
INSERT INTO PAGOS VALUES (18028, '970000219016255724543393928', 'Constancia', 40);
INSERT INTO PAGOS VALUES (18029, '970000219016255724543393929', 'Constancia', 40);

#pagos de certificados
INSERT INTO pagos VALUES(14001,'970000219016563152944311721','CERTIFICADO DE ESTUDIOS TOTAL',821);
INSERT INTO pagos VALUES(14002,'970000219016563152944311722','CERTIFICADO DE ESTUDIOS TOTAL',821);
INSERT INTO pagos VALUES(14003,'970000219016563152944311723','CERTIFICADO DE ESTUDIOS TOTAL',821);
INSERT INTO pagos VALUES(14004,'970000219016563152944311724','CERTIFICADO DE ESTUDIOS TOTAL',821);
INSERT INTO pagos VALUES(14005,'970000219016563152944311725','CERTIFICADO DE ESTUDIOS TOTAL',821);
INSERT INTO pagos VALUES(14006,'970000219016563152944311726','CERTIFICADO DE ESTUDIOS PARCIAL',409);
INSERT INTO pagos VALUES(14007,'970000219016563152944311727','CERTIFICADO DE ESTUDIOS PARCIAL',409);
INSERT INTO pagos VALUES(14008,'970000219016563152944311728','CERTIFICADO DE ESTUDIOS PARCIAL',409);
INSERT INTO pagos VALUES(14009,'970000219016563152944311729','CERTIFICADO DE ESTUDIOS PARCIAL',409);
INSERT INTO pagos VALUES(14010,'970000219016563152944311730','CERTIFICADO DE ESTUDIOS PARCIAL',409);
                            
INSERT INTO pagos VALUES(14020, '970000219016563152944311701','CERTIFICADO DE ESTUDIOS TOTAL', 821);
INSERT INTO pagos VALUES(14011, '970000219016563152944311702','CERTIFICADO DE ESTUDIOS PARCIAL', 409);
INSERT INTO pagos VALUES(14012, '970000219016563152944311703','CERTIFICADO DE ESTUDIOS TOTAL', 821);
INSERT INTO pagos VALUES(14013, '970000219016563152944311704','CERTIFICADO DE ESTUDIOS PARCIAL' , 409);
INSERT INTO pagos VALUES(14014, '970000219016563152944311705','CERTIFICADO DE ESTUDIOS TOTAL' , 821);
INSERT INTO pagos VALUES(14015, '970000219016563152944311706','CERTIFICADO DE ESTUDIOS PARCIAL', 409);
INSERT INTO pagos VALUES(14016, '970000219016563152944311707','CERTIFICADO DE ESTUDIOS TOTAL', 821);
INSERT INTO pagos VALUES(14018, '970000219016563152944311708','CERTIFICADO DE ESTUDIOS PARCIAL', 409);
INSERT INTO pagos VALUES(14017, '970000219016563152944311709','CERTIFICADO DE ESTUDIOS TOTAL', 821);
INSERT INTO pagos VALUES(14019, '970000219016563152944311710','CERTIFICADO DE ESTUDIOS PARCIAL', 409);

INSERT INTO pagos VALUES(14030, '970000219016563152944311711','CERTIFICADO DE ESTUDIOS PARCIAL', 409);
INSERT INTO pagos VALUES(14021, '970000219016563152944311712','CERTIFICADO DE ESTUDIOS TOTAL', 821);
INSERT INTO pagos VALUES(14022, '970000219016563152944311713','CERTIFICADO DE ESTUDIOS PARCIAL', 409);
INSERT INTO pagos VALUES(14023, '970000219016563152944311714','CERTIFICADO DE ESTUDIOS TOTAL', 821);
INSERT INTO pagos VALUES(14024, '970000219016563152944311715','CERTIFICADO DE ESTUDIOS PARCIAL',409);
INSERT INTO pagos VALUES(14025, '970000219016563152944311716','CERTIFICADO DE ESTUDIOS TOTAL' , 821);
INSERT INTO pagos VALUES(14026, '970000219016563152944311717','CERTIFICADO DE ESTUDIOS PARCIAL', 409);
INSERT INTO pagos VALUES(14027, '970000219016563152944311718','CERTIFICADO DE ESTUDIOS TOTAL', 821);
INSERT INTO pagos VALUES(14028, '970000219016563152944311719','CERTIFICADO DE ESTUDIOS PARCIAL', 409);
INSERT INTO pagos VALUES(14029, '970000219016563152944311720','CERTIFICADO DE ESTUDIOS TOTAL', 821);
			    
			    
			    
			    
			    
			    
			    
			    
			    
			    
			    
			    
			    
			    
			    
			    
INSERT INTO PAGOS VALUES (12001, '970000219016255724543393300', 'Derecho a Examen', 645);

INSERT INTO PAGOS VALUES (13001, '970000219016255724543393400', 'Inscripción Licenciatura', 3635);

INSERT INTO PAGOS VALUES (14001, '970000219016255724543393500', 'Recursamiento por Creditos', 79);
# Tipos de Pagos
# INSERT INTO PAGOS VALUES (1X0XX, '9700002190162557245433932XX', 'Derecho a Examen', 645);
# INSERT INTO PAGOS VALUES (1X0XX, '9700002190162557245433932XX', 'Certificado de Estudios Parcial', 409);
# INSERT INTO PAGOS VALUES (1X0XX, '9700002190162557245433932XX', 'Certificado de Estudios Total', 821);
# INSERT INTO PAGOS VALUES (1X0XX, '9700002190162557245433932XX', 'Constancia', 40);
# INSERT INTO PAGOS VALUES (1X0XX, '9700002190162557245433932XX', 'Inscripción Licenciatura', 3635);
# INSERT INTO PAGOS VALUES (1X0XX, '9700002190162557245433932XX', 'Recursamiento por Creditos', 79);
# INSERT INTO PAGOS VALUES (1X0XX, '9700002190162557245433932XX', 'Recursamiento por Creditos - Curso Especial', 79);
# INSERT INTO PAGOS VALUES (1X0XX, '9700002190162557245433932XX', 'Seguro contra Accidentes', 102);


	#id_pago int NOT NULL,
	#Folio varchar(30) NOT NULL,
	#TipoPago varchar(30) NOT NULL,
	#Cantidad int NOT NULL,
	#CONSTRAINT pk_pago PRIMARY KEY
			 
		#DATOS DE DOCENTE EN ORACLE
INSERT INTO DOCENTE VALUES (001,'15487592','ESPECIALIDAD', 'INFORMATICA Y TELECOMUNICACIONES','78495623185',01);
INSERT INTO DOCENTE VALUES (002,'78459621','ESPECIALIDAD','EN DESARROLLO DE SOFTWARE','98784512360',02);
INSERT INTO DOCENTE VALUES (003,'96584589','MAESTRIA','EN COMPUTACION PARA LA DOCENCIA','77448512201',03);
INSERT INTO DOCENTE VALUES (004,'12345678','MAESTRIA','EN IFORMATICA EDUCATIVA','89745621151',04);
INSERT INTO DOCENTE VALUES (005,'10000012','MAESTRIA','INGENIERIA ELECTRONICA','89547823101',05);
INSERT INTO DOCENTE VALUES (006,'15874695','MAESTRIA','EN ARQUITECTURA DE TECNOLOGIAS DE INFORMACION','55894701236',06);
INSERT INTO DOCENTE VALUES (007,'10002459','ESPECIALIDAD','EN DESARROLLO DE BASE DE DATOS','11202584796',07);
INSERT INTO DOCENTE VALUES (008,'87654321','MAESTRIA','EN ROBOTICA','96100125841',08);
INSERT INTO DOCENTE VALUES (009,'78965412','ESPECIALIDAD','EN COMUNICACIONES','778945896325',09);
INSERT INTO DOCENTE VALUES (010,'14785236','MAESTRIA','EN BIOMEDICA','77458912581',10);
INSERT INTO DOCENTE VALUES (011,'36985214','ESPECIALIDAD',' EN DERECHO FISCAL','01122548101',11);
INSERT INTO DOCENTE VALUES (012,'75395146','MAESTRIA','EN DIRECCION DE MARKETING','33251226354',12);
INSERT INTO DOCENTE VALUES (013,'85214639','ESPECIALIDAD','EN ARQUITECTURA DE TECNOLOGIAS DE INFORMACION','99548741250',13);
INSERT INTO DOCENTE VALUES (014,'78965432','LICENCIATURA','EN DIRECCION DE MARKETING','56211548784',14);
INSERT INTO DOCENTE VALUES (015,'12987436','MAESTRIA','EN DIRECCION FINANCIERA','22365224721',15);
INSERT INTO DOCENTE VALUES (016,'45632789','MAESTRIA','EN MARKETING DIGITAL Y COMERCIO DIGITAL','15141312110',16);
INSERT INTO DOCENTE VALUES (017,'78964521','ESPECIALIDAD','EN ARQUITECTURA DE TECNOLOGIAS DE INFORMACION','69968748581',17);
INSERT INTO DOCENTE VALUES (018,'78549632','MAESTRIA','EN FINANZAS ESTRATEGICAS','15514785874',18);
INSERT INTO DOCENTE VALUES (019,'14598745','MAESTRIA','EN ROBOTICA','77877845797',19);
INSERT INTO DOCENTE VALUES (020,'78965412','ESPECIALIDAD','EN COMPUTACION PARA LA DOCENCIA','18154878891',20);
INSERT INTO DOCENTE VALUES (021,'12003266','DOCTORADO','EN CIENCIA DE LOS NANOMATERIALES','78475717271',21);
INSERT INTO DOCENTE VALUES (022,'22115501','ESPECIALIDAD','EN ROBOTICA','96895847125',22);
INSERT INTO DOCENTE VALUES (023,'00000111','MAESTRIA','EN CIENCIA DE LOS NANOMATERIALES','154879581241',23);
INSERT INTO DOCENTE VALUES (024,'99884520','ESPECIALIDAD','EN DERECHO FISCAL','65897415820',24);
INSERT INTO DOCENTE VALUES (025,'10002547','DOCTORADO','INFORMATICA Y TELECOMUNICACIONES','03154875218',25);
INSERT INTO DOCENTE VALUES (026,'15789645','MAESTRIA','EN QUIMICA DE LOS MATERIALES','15584730201',26);
INSERT INTO DOCENTE VALUES (027,'15874695','ESPECIALIDAD','EN DESARROLLO DE BASE DE DATOS','87494895281',27);
INSERT INTO DOCENTE VALUES (028,'03265874','ESPECIALIDAD','EN DESARROLLO DE BASE DE DATOS','78495821474',28);
INSERT INTO DOCENTE VALUES (029,'78965412','ESPECIALIDAD','EN DERECHO FISCAL','12564789361',29);
INSERT INTO DOCENTE VALUES (030,'17435812','MAESTRIA','EN FISICA Y CIENCIA DE LOS MATERIALES','52142536102',30);
			    
			  #DATOS DE TABLA DOCENTE EN MySQL
insert into Docente VALUES (2000,12345671,'Carrera Profecional',12345678910,1000);
insert into Docente VALUES (2001,12345672,'Carrera Profecional',12345678911,1001);
insert into Docente VALUES (2002,12345673,'Carrera Profecional',12345678912,1002);
insert into Docente VALUES (2003,12345674,'Carrera Profecional',12345678913,1003);
insert into Docente VALUES (2004,12345675,'Carrera Profecional',12345678914,1004);
insert into Docente VALUES (2005,12345676,'Carrera Profecional',12345678915,1005);
insert into Docente VALUES (2006,12345677,'Carrera Profecional',12345678916,1006);
insert into Docente VALUES (2007,12345678,'Carrera Profecional',12345678917,1007);
insert into Docente VALUES (2008,12345679,'Carrera Profecional',12345678918,1008);
insert into Docente VALUES (2009,12345680,'Carrera Profecional',12345678919,1009);
insert into Docente VALUES (2010,12345681,'Carrera Profecional',12345678920,1010);
insert into Docente VALUES (2011,12345682,'Carrera Profecional',12345678921,1011);
insert into Docente VALUES (2012,12345683,'Carrera Profecional',12345678922,1012);
insert into Docente VALUES (2013,12345684,'Carrera Profecional',12345678923,1013);
insert into Docente VALUES (2014,12345685,'Carrera Profecional',12345678924,1014);
insert into Docente VALUES (2015,12345686,'Carrera Profecional',12345678925,1015);
insert into Docente VALUES (2016,12345687,'Carrera Profecional',12345678926,1016);
insert into Docente VALUES (2017,12345688,'Carrera Profecional',12345678927,1017);
insert into Docente VALUES (2018,12345689,'Carrera Profecional',12345678928,1018);
insert into Docente VALUES (2019,12345690,'Carrera Profecional',12345678929,1019);
insert into Docente VALUES (2020,12345691,'Carrera Profecional',12345678930,1000);
insert into Docente VALUES (2021,12345692,'Carrera Profecional',12345678931,1021);
insert into Docente VALUES (2022,12345693,'Carrera Profecional',12345678932,1021);
insert into Docente VALUES (2023,12345694,'Carrera Profecional',12345678933,1022);
insert into Docente VALUES (2024,12345695,'Carrera Profecional',12345678934,1023);
insert into Docente VALUES (2025,12345696,'Carrera Profecional',12345678935,1024);
insert into Docente VALUES (2026,12345697,'Carrera Profecional',12345678936,1025);
insert into Docente VALUES (2027,12345698,'Carrera Profecional',12345678937,1026);
insert into Docente VALUES (2028,12345699,'Carrera Profecional',12345678938,1027);
insert into Docente VALUES (2029,12345100,'Carrera Profecional',12345678939,1028);
insert into Docente VALUES (2000,12345101,'Carrera Profecional',12345678940,1029);

			    #DATOS DE EXAMEN EN MySQL
INSERT INTO EXAMEN VALUES (1000,'14:23','2020-11-25','TESJo',0,0);
INSERT INTO EXAMEN VALUES (1001,'12:32','2021-02-01','TESJo',0,0);
INSERT INTO EXAMEN VALUES (1003,'11:23','2021-11-25','TESJo',0,0);
INSERT INTO EXAMEN VALUES (1004,'21:32','2021-11-25','TESJo',0,0);
INSERT INTO EXAMEN VALUES (1005,'13:51','2021-11-25','TESJo',0,0);
INSERT INTO EXAMEN VALUES (1006,'19:55','2021-11-25','TESJo',0,0);
INSERT INTO EXAMEN VALUES (1007,'17:42','2021-11-25','TESJo',0,0);
INSERT INTO EXAMEN VALUES (1008,'07:21','2021-11-25','TESJo',0,0);
INSERT INTO EXAMEN VALUES (1010,'24:10','2021-11-25','TESJo',0,0);
INSERT INTO EXAMEN VALUES (1011,'11:54','2021-11-25','TESJo',0,0);
INSERT INTO EXAMEN VALUES (1012,'21:45','2021-11-25','TESJo',0,0);
INSERT INTO EXAMEN VALUES (1013,'22:34','2021-11-25','TESJo',0,0);
INSERT INTO EXAMEN VALUES (1014,'20:14','2021-11-25','TESJo',0,0);
INSERT INTO EXAMEN VALUES (1015,'12:53','2021-11-25','TESJo',0,0);
INSERT INTO EXAMEN VALUES (1016,'08:23','2021-11-25','TESJo',0,0);
INSERT INTO EXAMEN VALUES (1017,'09:54','2021-11-25','TESJo',0,0);
INSERT INTO EXAMEN VALUES (1018,'21:46','2021-11-25','TESJo',0,0);
INSERT INTO EXAMEN VALUES (1019,'22:31','2021-11-25','TESJo',0,0);
INSERT INTO EXAMEN VALUES (1020,'23:59','2021-11-25','TESJo',0,0);
INSERT INTO EXAMEN VALUES (1021,'13:56','2021-11-25','TESJo',0,0);
INSERT INTO EXAMEN VALUES (1022,'16:40','2021-11-25','TESJo',0,0);
INSERT INTO EXAMEN VALUES (1023,'10:22','2021-11-25','TESJo',0,0);
INSERT INTO EXAMEN VALUES (1024,'19:12','2021-11-25','TESJo',0,0);
INSERT INTO EXAMEN VALUES (1025,'20:11','2021-11-25','TESJo',0,0);
INSERT INTO EXAMEN VALUES (1026,'18:47','2021-11-25','TESJo',0,0);
INSERT INTO EXAMEN VALUES (1027,'08:21','2021-11-25','TESJo',0,0);
INSERT INTO EXAMEN VALUES (1028,'12:54','2021-11-25','TESJo',0,0);
INSERT INTO EXAMEN VALUES (1029,'07:13','2021-11-25','TESJo',0,0);

# Registros tipo_certificado
INSERT INTO tipo_certificado VALUES('CC','CERTIFICADO DE ESTUDIOS TOTAL',821);
INSERT INTO tipo_certificado VALUES('CD','CERTIFICADO DE ESTUDIOS PARCIAL',409);
#Registros certificados	
INSERT INTO certificados VALUES('C1','2018150480052','CC',14001);
INSERT INTO certificados VALUES('C2','2018150480053','CC',14002);
INSERT INTO certificados VALUES('C3','2018150480054','CC',14003);
INSERT INTO certificados VALUES('C4','2018150480055','CC',14004);
INSERT INTO certificados VALUES('C5','2018150480056','CC',14005);
INSERT INTO certificados VALUES('C6','2018150480057','CD',14006);
INSERT INTO certificados VALUES('C7','2018150480058','CD',14007);
INSERT INTO certificados VALUES('C8','2018150480059','CD',14008);
INSERT INTO certificados VALUES('C9','2018150480060','CD',14009);
INSERT INTO certificados VALUES('C10','2018150480061','CD',14010);
                            
INSERT INTO certificados VALUES('C20','2018150480900','CC', 14020);
INSERT INTO certificados VALUES('C18','2018150480915','CD', 14011);
INSERT INTO certificados VALUES('C13','2018150480945','CC', 14012);
INSERT INTO certificados VALUES('C11','2018150480975','CD', 14013);
INSERT INTO certificados VALUES('C12','2018150480969','CC', 14014);
INSERT INTO certificados VALUES('C15','2018150480947','CD', 14015);
INSERT INTO certificados VALUES('C17','2018150480930','CC', 14016);
INSERT INTO certificados VALUES('C14','2018150480974','CD', 14017);
INSERT INTO certificados VALUES('C16','2018150480988','CC', 14018);
INSERT INTO certificados VALUES('C19','2018150480985','CD', 14019);
			    
			    
                            
INSERT INTO certificados VALUES('C21','2018150480195','CD', 14030);
INSERT INTO certificados VALUES('C22','2018150480034','CC', 14021);
INSERT INTO certificados VALUES('C23','2018150480572','CD', 14022);
INSERT INTO certificados VALUES('C24','2018150480246','CC', 14023);
INSERT INTO certificados VALUES('C25','2018150480125','CD', 14024);
INSERT INTO certificados VALUES('C26','2018150480873','CC', 14025);
INSERT INTO certificados VALUES('C27','2018150480164','CD', 14026);
INSERT INTO certificados VALUES('C28','2018150480073','CC', 14027);
INSERT INTO certificados VALUES('C29','2018150480724','CD', 14028);
INSERT INTO certificados VALUES('C30','2018150480936','CC', 14029);
			    
			   #Incercion en tabla materias

INSERT INTO materias VALUES('SCC-1010','Graficacion',5,4,2,2,'x','x');
INSERT INTO materias VALUES('AEC-1061','Sistemas Operativos',6,4,2,2,'x','x');
INSERT INTO materias VALUES('SCC-1007','Fundametos de Ingenria en Software',5,4,2,2,'x','x');

INSERT INTO materias VALUES('SCD-1003','Arquitectura de Computadoras',4,5,2,3,'x','x');
INSERT INTO materias VALUES('SCA-1025','TALLER DE BASE DE DATOS',5,4,4,0,'x','x');
INSERT INTO materias VALUES('AEC-1034','Fundamentos De Telecomunicaciones',5,4,2,2,'x','x');

INSERT INTO materias VALUES('ACC-0906','Fundametos de investigacion',4,4,2,2,'x','x');
INSERT INTO materias VALUES('ARC-1017','Geometria descriptiva II',4,4,2,2,'x','x');
INSERT INTO materias VALUES('ARC-1013','Estructuras 1',4,4,2,2,'x','x');

INSERT INTO materias VALUES('ACA-0907','TALLER DE ETICA',4,4,0,4,'x','x');
INSERT INTO materias VALUES('AEF-1057','QUIMICA',5,5,3,2,'x','x');
INSERT INTO materias VALUES'(MAC-1008','DIBUJO AISITIDO POR COMPUTADORAS',4,4,2,2,'x','x');

INSERT INTO materias VALUES('ACC-0906','FUNDAMENTOS DE INVESTIGACIÓN','.',4,2,2,'.','.');
INSERT INTO materias VALUES('GEC-0905','DESARROLLO HUMANO' ,'.',4,2,2,'.','.');
INSERT INTO materias VALUES('GEC-0909','FUNDAMENTOS DE FÍSICA','.',4,2,2,'.','.');

INSERT INTO materias VALUES('AVD-1209','EL EMPRENDEDOR Y LA INNOVACIÓN','.',5,2,3,'.','.');
INSERT INTO materias VALUES('AVD-1219','INTRODUCCIÓN A LAS PRODUCCIONES DE ANIMACIÓN','.',5,2,3,'.','.');
INSERT INTO materias VALUES('ACF-0903','ÁLGEBRA LINEAL' ,'.',5,3,2,'.','.');

INSERT INTO materias VALUES('LCT-1281','FUNDAMENTOS DEL TURISMO' ,'.',4,2,2,'.','.',);
INSERT INTO materias VALUES('LTD-1201','ADMINISTRACIÓN DE EMPRESAS TURÍSTICAS' ,'.',5,2,3,'.','.');
INSERT INTO materias VALUES('LTD-1226','MATEMÁTCIAS APLICADAS AL TURISMO' ,'.',5,2,3,'.','.');

INSERT INTO materias VALUES('ACA-0907','TALLER DE ÉTICA' ,'.',4,0,4,'.','.');
INSERT INTO materias VALUES('ACF-0901','CÁLCULO DIFERENCIAL' ,'.',5,3,2,'.','.');
INSERT INTO materias VALUES('AEO-1012','DIBUJO ASISTIDO POR COMPUTADORA' ,'.',3,0,3,'.','.');

INSERT INTO materias VALUES('0906',"Fundamentos de investigacion",4,4,2,2,'x','x');
INSERT INTO materias VALUES('0907',"Taller de etica",4,4,0,0,'x','x');
INSERT INTO materias VALUES('1029',"Taller de herramientas intelectuales",5,5,2,3,x,x);
 
INSERT INTO materias VALUES('1030',"Introduccion a la contabilidad financiera",6,6,2,4,'x','x');
INSERT INTO materias VALUES('1001',"Administracion",4,4,2,2,'x','x');
INSERT INTO materias VALUES('1030',"Fundamentos de investigacion",4,4,2,2,'x','x');


######################## REGISTROS SEMESTRE ###########################
INSERT INTO Semestre VALUES ('1001', 'Primero', '2020-2021', CARRERA_PENDIENTE);
INSERT INTO Semestre VALUES ('1002', 'Segundo', '2020-2021', CARRERA_PENDIENTE);
INSERT INTO Semestre VALUES ('1003', 'Tercero', '2020-2021', CARRERA_PENDIENTE);
INSERT INTO Semestre VALUES ('1004', 'Cuarto', 	'2020-2021', CARRERA_PENDIENTE);
INSERT INTO Semestre VALUES ('1005', 'Quinto', 	'2020-2021', CARRERA_PENDIENTE);
INSERT INTO Semestre VALUES ('1006', 'Sexto', 	'2020-2021', CARRERA_PENDIENTE);
INSERT INTO Semestre VALUES ('1007', 'Septimo', '2020-2021', CARRERA_PENDIENTE);
INSERT INTO Semestre VALUES ('1008', 'Octavo', 	'2020-2021', CARRERA_PENDIENTE);
INSERT INTO Semestre VALUES ('1009', 'Noveno', 	'2020-2021', CARRERA_PENDIENTE);

INSERT INTO Semestre VALUES ('2001', 'Primero', '2021-2022', CARRERA_PENDIENTE);
INSERT INTO Semestre VALUES ('2002', 'Segundo', '2021-2022', CARRERA_PENDIENTE);
INSERT INTO Semestre VALUES ('2003', 'Tercero', '2021-2022', CARRERA_PENDIENTE);
INSERT INTO Semestre VALUES ('2004', 'Cuarto', 	'2021-2022', CARRERA_PENDIENTE);
INSERT INTO Semestre VALUES ('2005', 'Quinto', 	'2021-2022', CARRERA_PENDIENTE);
INSERT INTO Semestre VALUES ('2006', 'Sexto', 	'2021-2022', CARRERA_PENDIENTE);
INSERT INTO Semestre VALUES ('2007', 'Septimo', '2021-2022', CARRERA_PENDIENTE);
INSERT INTO Semestre VALUES ('2008', 'Octavo', 	'2021-2022', CARRERA_PENDIENTE);
INSERT INTO Semestre VALUES ('2009', 'Noveno', 	'2021-2022', CARRERA_PENDIENTE);

INSERT INTO Semestre VALUES ('3001', 'Primero', '2022-2023', CARRERA_PENDIENTE);
INSERT INTO Semestre VALUES ('3002', 'Segundo', '2022-2023', CARRERA_PENDIENTE);
INSERT INTO Semestre VALUES ('3003', 'Tercero', '2022-2023', CARRERA_PENDIENTE);
INSERT INTO Semestre VALUES ('3004', 'Cuarto', 	'2022-2023', CARRERA_PENDIENTE);
INSERT INTO Semestre VALUES ('3005', 'Quinto', 	'2022-2023', CARRERA_PENDIENTE);
INSERT INTO Semestre VALUES ('3006', 'Sexto', 	'2022-2023', CARRERA_PENDIENTE);
INSERT INTO Semestre VALUES ('3007', 'Septimo', '2022-2023', CARRERA_PENDIENTE);
INSERT INTO Semestre VALUES ('3008', 'Octavo', 	'2022-2023', CARRERA_PENDIENTE);
INSERT INTO Semestre VALUES ('3009', 'Noveno', 	'2022-2023', CARRERA_PENDIENTE);

####################### REGISTROS INSTITUCIÓN ########################
INSERT INTO Insitucion VALUES (10101, '', 'Tecnológico de Estudios Superiores de Jocotitlán', 'Jocotitlán', '5564334568', 'tesjo@gmail.com');
INSERT INTO Insitucion VALUES (10110, '', 'Tecnológico de Estudios Superiores de Jilotepec', 'Jilotepec', '5564334561', 'tesji@gmail.com');
INSERT INTO Insitucion VALUES (10111, '', 'Tecnológico de Estudios Superiores de Toluca', 'Toluca', '5564334562', 'testo@gmail.com');
INSERT INTO Insitucion VALUES (11000, '', 'Tecnológico de Estudios Superiores de San Felipe del Progreso', 'San Felipe del Progreso', '5564334564', 'tesfe@gmail.com');


CREATE TABLE Institucion(
	id_escuela int NOT NULL,
	Matricula varchar(30) NOT NULL,
	Nombre varchar(30) NOT NULL,
	Ubicacion varchar(30) NOT NULL,
	Telefono varchar(15) NOT NULL,
	Correo varchar(30) NOT NULL,
	CONSTRAINT pk_escuela PRIMARY KEY (id_escuela)
);
