# Registros Alumnos
INSERT INTO alumnos VALUES ('2018150480052','----');
INSERT INTO alumnos VALUES ('2018150480053','----');
INSERT INTO alumnos VALUES ('2018150480054','----');
INSERT INTO alumnos VALUES ('2018150480055','----');
INSERT INTO alumnos VALUES ('2018150480056','----');
INSERT INTO alumnos VALUES ('2018150480057','----');
INSERT INTO alumnos VALUES ('2018150480058','----');
INSERT INTO alumnos VALUES ('2018150480059','----');
INSERT INTO alumnos VALUES ('2018150480060','----');
INSERT INTO alumnos VALUES ('2018150480061','----');

INSERT INTO alumnos VALUES('2018150480195',pendiente);
INSERT INTO alumnos VALUES('2018150480034',pendiente);
INSERT INTO alumnos VALUES('2018150480572',pendiente);
INSERT INTO alumnos VALUES('2018150480246',pendiente);
INSERT INTO alumnos VALUES('2018150480125',pendiente);
INSERT INTO alumnos VALUES('2018150480873',pendiente);
INSERT INTO alumnos VALUES('2018150480164',pendiente);
INSERT INTO alumnos VALUES('2018150480073',pendiente);
INSERT INTO alumnos VALUES('2018150480724',pendiente);
INSERT INTO alumnos VALUES('2018150480936',pendiente);

INSERT INTO alumnos VALUES ('2018150480900','----');
INSERT INTO alumnos VALUES ('2018150480915','----');
INSERT INTO alumnos VALUES ('2018150480945','----');
INSERT INTO alumnos VALUES ('2018150480975','----');
INSERT INTO alumnos VALUES ('2018150480969','----');
INSERT INTO alumnos VALUES ('2018150480947','----');
INSERT INTO alumnos VALUES ('2018150480930','----');
INSERT INTO alumnos VALUES ('2018150480974','----');
INSERT INTO alumnos VALUES ('2018150480985','----');

# Registros Unidades
INSERT INTO unidades VALUES ('clavemateria-1',1,'Arquitecturas de cómputo',----);
INSERT INTO unidades VALUES ('clavemateria-2',2,'Estructura y funcionamiento de la CPU',----);
INSERT INTO unidades VALUES ('clavemateria-3',3,'Componentes para ensamble de equipo de computo',----);
INSERT INTO unidades VALUES ('clavemateria-4',4,'Procesamiento paralelo',----);
INSERT INTO unidades VALUES ('clavemateria-1',1,'Sistemas operativos',----);
INSERT INTO unidades VALUES ('clavemateria-2',2,'Administracion de procesos y hyperprocesador',----);
INSERT INTO unidades VALUES ('clavemateria-3',3,'Administracion de memoria',----);
INSERT INTO unidades VALUES ('clavemateria-4',4,'Administracion de Entrada-Salida',----);
INSERT INTO unidades VALUES ('clavemateria-5',5,'Sistemas de archivos',----);
INSERT INTO unidades VALUES ('clavemateria-6',6,'Proteccion y seguridad',----);

INSERT INTO unidades VALUES('clavemateria-1',1,'Fundamentos de Ingeneria en Software',pendiente);
INSERT INTO unidades VALUES('clavemateria-5',5,'Introduccion a la Animacion Por Computadora',pendiente);
INSERT INTO unidades VALUES('clavemateria-2',2,'El modelo de negocio',pendiente);
INSERT INTO unidades VALUES('clavemateria-3',3,'Ingenria de Requerimentos',pendiente);
INSERT INTO unidades VALUES('clavemateria-4',4,'Modelo de Analisis',pendiente);
INSERT INTO unidades VALUES('clavemateria-5',5,'Calidad de Software',pendiente);
INSERT INTO unidades VALUES('clavemateria-1',1,'Introduccion a la Graficacion Por Computadora',pendiente);
INSERT INTO unidades VALUES('clavemateria-2',2,'Graficacion 2D',pendeinte);
INSERT INTO unidades VALUES('clavemateria-3',3,'Graficacion 3D',pendiente);
INSERT INTO unidades VALUES('clavemateria-4',4,'Relleno, Iluminacion y Sombreado',pendeinte);

INSERT INTO unidades VALUES('clavemateria-1',1,'El SGBD y el Lenguaje de Definición de Datos ',---);
INSERT INTO unidades VALUES('clavemateria-2',2,'Lenguaje de Manipulación de Datos ',---);
INSERT INTO unidades VALUES('clavemateria-3',3,'Administración de base de datos ',---);
INSERT INTO unidades VALUES('clavemateria-4',4,'SQL Procedural ',---);
INSERT INTO unidades VALUES('clavemateria-5',5,'Tecnologías de conectividad de base de datos  ',---);
INSERT INTO unidades VALUES('clavemateria-1',1,'Sistema de comunicación',---);
INSERT INTO unidades VALUES('clavemateria-2',2,'Medios de transmisión',---);
INSERT INTO unidades VALUES('clavemateria-3',3,'Modulación ',---);
INSERT INTO unidades VALUES('clavemateria-4',4,'Técnicas de conmutación y multiplexación',---);
INSERT INTO unidades VALUES('clavemateria-5',5,'Modelos y dispositivos de comunicación',---);
                            
#Insercion de calificaciones 
INSERT INTO calificaciones VALUES ('2018150480052','----',89,);
INSERT INTO calificaciones VALUES ('2018150480053','----',78,);
INSERT INTO calificaciones VALUES ('2018150480054','----',80,);
INSERT INTO calificaciones VALUES ('2018150480055','----',82,);
INSERT INTO calificaciones VALUES ('2018150480056','----',90,);
INSERT INTO calificaciones VALUES ('2018150480057','----',87,);
INSERT INTO calificaciones VALUES ('2018150480058','----',75,);
INSERT INTO calificaciones VALUES ('2018150480059','----',74,);
INSERT INTO calificaciones VALUES ('2018150480060','----',91,);
INSERT INTO calificaciones VALUES ('2018150480061','----',86,);

INSERT INTO calificaciones VALUES('2018150480195','----',89,);
INSERT INTO calificaciones VALUES('2018150480034','----',91,);
INSERT INTO calificaciones VALUES('2018150480572','----',83,);
INSERT INTO calificaciones VALUES('2018150480246','----',84,);
INSERT INTO calificaciones VALUES('2018150480125','----',85,);
INSERT INTO calificaciones VALUES('2018150480873','----',95,);
INSERT INTO calificaciones VALUES('2018150480164','----',75,);
INSERT INTO calificaciones VALUES('2018150480073','----',60,);
INSERT INTO calificaciones VALUES('2018150480724','----',75,);
INSERT INTO calificaciones VALUES('2018150480936','----',96,);

INSERT INTO calificaciones VALUES ('2018150480900','----',85,);
INSERT INTO calificaciones VALUES ('2018150480915','----',79,);
INSERT INTO calificaciones VALUES ('2018150480945','----',81,);
INSERT INTO calificaciones VALUES ('2018150480975','----',86,);
INSERT INTO calificaciones VALUES ('2018150480969','----',89,);
INSERT INTO calificaciones VALUES ('2018150480947','----',70,);
INSERT INTO calificaciones VALUES ('2018150480930','----',65,);
INSERT INTO calificaciones VALUES ('2018150480974','----',93,);
INSERT INTO calificaciones VALUES ('2018150480985','----',69,);
#Insercion tabla opcion			    
 INSERT INTO opcion VALUES(1111,1,'Primera Oportunidad-Primera-opcion','Primera Oportunidad');
 INSERT INTO opcion VALUES(1112,2,'Primera Oportunidad-Segunda-opcion','Primera Oportunidad');
 INSERT INTO opcion VALUES(1113,1,'Recurse-Primera-opcion','Recurse');
 INSERT INTO opcion VALUES(1114,2,'Recurse-Segunda-opcion','Recurse');
 INSERT INTO opcion VALUES(1115,1,'Especial-Primera-opcion','Especial');
 INSERT INTO opcion VALUES(1116,2,'Especial-Segunda-opcion','Especial')	;		    
#Insercion de datos en la tabla preinscripcion                                                
INSERT INTO preinscripcion (folio, fecha, carrera_alterna1, carrera_alterna2, carrera_alterna3, id_persona, fotografia, escuela_procedencia, municipio_escuela, promedio) VALUES (55001, '//', pendiente, pendiente, pendiente, pendiente, imagen1.jpg, 'CBT Lic. MArio Colín Sánchez', 'Atlacomulco', '92-95');
INSERT INTO preinscripcion (folio, fecha, carrera_alterna1, carrera_alterna2, carrera_alterna3, id_persona, fotografia, escuela_procedencia, municipio_escuela, promedio) VALUES (55002, '//', pendiente, pendiente, pendiente, pendiente, imagen2.jpg, 'Escuela Preparatoria Oficial N.56', 'Jocotitlan', '88-91');
INSERT INTO preinscripcion (folio, fecha, carrera_alterna1, carrera_alterna2, carrera_alterna3, id_persona, fotografia, escuela_procedencia, municipio_escuela, promedio) VALUES (55003, '//', pendiente, pendiente, pendiente, pendiente, imagen3.jpg, 'CBT Dr. Maximiliano Ruiz Castañeda', 'Jocotitlá', '77-80');
INSERT INTO preinscripcion (folio, fecha, carrera_alterna1, carrera_alterna2, carrera_alterna3, id_persona, fotografia, escuela_procedencia, municipio_escuela, promedio) VALUES (55004, '//', pendiente, pendiente, pendiente, pendiente, imagen4.jpg, 'CECyTEM Plantel Ixtlahuaca', 'Ixtlahuaca', '94-97');
INSERT INTO preinscripcion (folio, fecha, carrera_alterna1, carrera_alterna2, carrera_alterna3, id_persona, fotografia, escuela_procedencia, municipio_escuela, promedio) VALUES (55005, '//', pendiente, pendiente, pendiente, pendiente, imagen5.jpg, 'Escuela Preparatoria Oficial No. 58', 'San Felipe Santiago', '73-76');
INSERT INTO preinscripcion (folio, fecha, carrera_alterna1, carrera_alterna2, carrera_alterna3, id_persona, fotografia, escuela_procedencia, municipio_escuela, promedio) VALUES (55006, '//', pendiente, pendiente, pendiente, pendiente, imagen6.jpg, 'Preparatoria Nueva Creación', 'San Bartolo Oxtotitlán', '93-96');
INSERT INTO preinscripcion (folio, fecha, carrera_alterna1, carrera_alterna2, carrera_alterna3, id_persona, fotografia, escuela_procedencia, municipio_escuela, promedio) VALUES (55007, '//', pendiente, pendiente, pendiente, pendiente, imagen7.jpg, 'ESCUELA PREPARATORIA OFICIAL NUM. 176', 'San Bartolo del Llano', '79-82');
INSERT INTO preinscripcion (folio, fecha, carrera_alterna1, carrera_alterna2, carrera_alterna3, id_persona, fotografia, escuela_procedencia, municipio_escuela, promedio) VALUES (55008, '//', pendiente, pendiente, pendiente, pendiente, imagen8.jpg, 'CECYTEM PLANTEL JIQUIPILCO', 'Jiquipilco', '80-83');
INSERT INTO preinscripcion (folio, fecha, carrera_alterna1, carrera_alterna2, carrera_alterna3, id_persona, fotografia, escuela_procedencia, municipio_escuela, promedio) VALUES (55009, '//', pendiente, pendiente, pendiente, pendiente, imagen9.jpg, 'Escuela Preparatoria Oficial No. 136', 'Ixtlahuaca', '84-87');
INSERT INTO preinscripcion (folio, fecha, carrera_alterna1, carrera_alterna2, carrera_alterna3, id_persona, fotografia, escuela_procedencia, municipio_escuela, promedio) VALUES (55010, '//', pendiente, pendiente, pendiente, pendiente, imagen10.jpg, 'Escuela Preparatoria Oficial Número 59', 'Ixtlahuaca', '87-90');
INSERT INTO preinscripcion (folio, fecha, carrera_alterna1, carrera_alterna2, carrera_alterna3, id_persona, fotografia, escuela_procedencia, municipio_escuela, promedio) VALUES (55011, '//', pendiente, pendiente, pendiente, pendiente, imagen11.jpg, 'Maestro Pedro León', 'Ixtlahuaca', '78-81');
INSERT INTO preinscripcion (folio, fecha, carrera_alterna1, carrera_alterna2, carrera_alterna3, id_persona, fotografia, escuela_procedencia, municipio_escuela, promedio) VALUES (55012, '//', pendiente, pendiente, pendiente, pendiente, imagen12.jpg, 'Centro de Estudios de Bachillerato #69', 'Ixtlahuaca', '90-93');
INSERT INTO preinscripcion (folio, fecha, carrera_alterna1, carrera_alterna2, carrera_alterna3, id_persona, fotografia, escuela_procedencia, municipio_escuela, promedio) VALUES (55013, '//', pendiente, pendiente, pendiente, pendiente, imagen13.jpg, 'Escuela Preparatoria Químico José Donaciano Morales', 'Ixtlahuaca', '95-98');
INSERT INTO preinscripcion (folio, fecha, carrera_alterna1, carrera_alterna2, carrera_alterna3, id_persona, fotografia, escuela_procedencia, municipio_escuela, promedio) VALUES (55014, '//', pendiente, pendiente, pendiente, pendiente, imagen14.jpg, 'Colegio Mexiquense de Educación Técnica Plantel Ixtlahuaca', 'Ixtlahuaca', '77-80');
INSERT INTO preinscripcion (folio, fecha, carrera_alterna1, carrera_alterna2, carrera_alterna3, id_persona, fotografia, escuela_procedencia, municipio_escuela, promedio) VALUES (55015, '//', pendiente, pendiente, pendiente, pendiente, imagen15.jpg, 'Escuela Preparatoria Oficial No. 071', 'Jiquipilco', '95-98');
INSERT INTO preinscripcion (folio, fecha, carrera_alterna1, carrera_alterna2, carrera_alterna3, id_persona, fotografia, escuela_procedencia, municipio_escuela, promedio) VALUES (55016, '//', pendiente, pendiente, pendiente, pendiente, imagen16.jpg, 'Preparatoria General No. EPO 172 ', 'Temoaya', '77-80');
INSERT INTO preinscripcion (folio, fecha, carrera_alterna1, carrera_alterna2, carrera_alterna3, id_persona, fotografia, escuela_procedencia, municipio_escuela, promedio) VALUES (55017, '//', pendiente, pendiente, pendiente, pendiente, imagen17.jpg, 'PREPARATORIA OFICIAL 292', 'Temoaya', '88-91');
INSERT INTO preinscripcion (folio, fecha, carrera_alterna1, carrera_alterna2, carrera_alterna3, id_persona, fotografia, escuela_procedencia, municipio_escuela, promedio) VALUES (55018, '//', pendiente, pendiente, pendiente, pendiente, imagen18.jpg, 'Escuela Preparatoria Oficial No. 303', 'Ixtlahuaca', '98-100');
INSERT INTO preinscripcion (folio, fecha, carrera_alterna1, carrera_alterna2, carrera_alterna3, id_persona, fotografia, escuela_procedencia, municipio_escuela, promedio) VALUES (55019, '//', pendiente, pendiente, pendiente, pendiente, imagen19.jpg, 'Preparatoria Regional de Villa Victoria', 'San Pedro del Rincon', '90-93');
INSERT INTO preinscripcion (folio, fecha, carrera_alterna1, carrera_alterna2, carrera_alterna3, id_persona, fotografia, escuela_procedencia, municipio_escuela, promedio) VALUES (55020, '//', pendiente, pendiente, pendiente, pendiente, imagen20.jpg, 'Escuela Preparatoria Oficial No. 303', 'Ixtlahuaca', '77-80');
INSERT INTO preinscripcion (folio, fecha, carrera_alterna1, carrera_alterna2, carrera_alterna3, id_persona, fotografia, escuela_procedencia, municipio_escuela, promedio) VALUES (55021, '//', pendiente, pendiente, pendiente, pendiente, imagen21.jpg, 'Escuela Preparatoria Oficial N.56', 'Jocotitlan', '70-73');
INSERT INTO preinscripcion (folio, fecha, carrera_alterna1, carrera_alterna2, carrera_alterna3, id_persona, fotografia, escuela_procedencia, municipio_escuela, promedio) VALUES (55022, '//', pendiente, pendiente, pendiente, pendiente, imagen22.jpg, 'CBT Dr. Maximiliano Ruiz Castañeda', 'Jocotitlá', '91-94');
INSERT INTO preinscripcion (folio, fecha, carrera_alterna1, carrera_alterna2, carrera_alterna3, id_persona, fotografia, escuela_procedencia, municipio_escuela, promedio) VALUES (55023, '//', pendiente, pendiente, pendiente, pendiente, imagen23.jpg, 'Preparatoria Nueva Creación', 'San Bartolo Oxtotitlán', '82-85');
INSERT INTO preinscripcion (folio, fecha, carrera_alterna1, carrera_alterna2, carrera_alterna3, id_persona, fotografia, escuela_procedencia, municipio_escuela, promedio) VALUES (55024, '//', pendiente, pendiente, pendiente, pendiente, imagen24.jpg, 'Centro de Estudios de Bachillerato #69', 'Ixtlahuaca', '88-91');
INSERT INTO preinscripcion (folio, fecha, carrera_alterna1, carrera_alterna2, carrera_alterna3, id_persona, fotografia, escuela_procedencia, municipio_escuela, promedio) VALUES (55025, '//', pendiente, pendiente, pendiente, pendiente, imagen25.jpg, 'Escuela Preparatoria Oficial No. 303', 'Ixtlahuaca' '80-83');
INSERT INTO preinscripcion (folio, fecha, carrera_alterna1, carrera_alterna2, carrera_alterna3, id_persona, fotografia, escuela_procedencia, municipio_escuela, promedio) VALUES (55026, '//', pendiente, pendiente, pendiente, pendiente, imagen26.jpg, 'CBT Lic. MArio Colín Sánchez', 'Atlacomulco', '99-100');
INSERT INTO preinscripcion (folio, fecha, carrera_alterna1, carrera_alterna2, carrera_alterna3, id_persona, fotografia, escuela_procedencia, municipio_escuela, promedio) VALUES (55027, '//', pendiente, pendiente, pendiente, pendiente, imagen27.jpg, 'Maestro Pedro León', 'Ixtlahuaca', '76-79');
INSERT INTO preinscripcion (folio, fecha, carrera_alterna1, carrera_alterna2, carrera_alterna3, id_persona, fotografia, escuela_procedencia, municipio_escuela, promedio) VALUES (55028, '//', pendiente, pendiente, pendiente, pendiente, imagen28.jpg, 'Escuela Preparatoria Químico José Donaciano Morales', 'Ixtlahuaca', '85-88');
INSERT INTO preinscripcion (folio, fecha, carrera_alterna1, carrera_alterna2, carrera_alterna3, id_persona, fotografia, escuela_procedencia, municipio_escuela, promedio) VALUES (55029, '//', pendiente, pendiente, pendiente, pendiente, imagen29.jpg, 'Preparatoria General No. EPO 172 ', 'Temoaya', '71-74');
INSERT INTO preinscripcion (folio, fecha, carrera_alterna1, carrera_alterna2, carrera_alterna3, id_persona, fotografia, escuela_procedencia, municipio_escuela, promedio) VALUES (55030, '//', pendiente, pendiente, pendiente, pendiente, imagen30.jpg, 'Colegio Mexiquense de Educación Técnica Plantel Ixtlahuaca', 'Ixtlahuaca', '94-97');
#Insercion resultados examen
INSERT INTO Resultado VALUES (	1000001,	'APROVADO'	,1000,	55001,	90);
INSERT INTO Resultado VALUES (	1000002,	'RECHAZADO'	,1001,	55002,	40);
INSERT INTO Resultado VALUES (	1000003,	'RECHAZADO'	,1002,	55003,	22);
INSERT INTO Resultado VALUES (	1000004,	'APROVADO'	,1003,	55004,	110);
INSERT INTO Resultado VALUES (	1000005,	'RECHAZADO'	,1004,	55005,	24);
INSERT INTO Resultado VALUES (	1000006,	'RECHAZADO'	,1005,	55006,	78);
INSERT INTO Resultado VALUES (	1000007,	'RECHAZADO'	,1006,	55007,	10);
INSERT INTO Resultado VALUES (	1000008,	'APROVADO'	,1007,	55008,	85);
INSERT INTO Resultado VALUES (	1000009,	'APROVADO'	,1008,	55009,	89);
INSERT INTO Resultado VALUES (	1000010,	'RECHAZADO'	,1009,	55010,	36);
INSERT INTO Resultado VALUES (	1000011,	'APROVADO'	,1010,	55011,	95);
INSERT INTO Resultado VALUES (	1000012,	'APROVADO'	,1011,	55012,	91);
INSERT INTO Resultado VALUES (	1000013,	'APROVADO'	,1012,	55013,	120);
INSERT INTO Resultado VALUES (	1000014,	'APROVADO'	,1013,	55014,	115);
INSERT INTO Resultado VALUES (	1000015,	'APROVADO'	,1014,	55015,	94);
INSERT INTO Resultado VALUES (	1000016,	'RECHAZADO'	,1015,	55016,	77);
INSERT INTO Resultado VALUES (	1000017,	'RECHAZADO'	,1016,	55017,	50);
INSERT INTO Resultado VALUES (	1000018,	'RECHAZADO'	,1017,	55018,	48);
INSERT INTO Resultado VALUES (	1000019,	'RECHAZADO'	,1018,	55019,	69);
INSERT INTO Resultado VALUES (	1000020,	'APROVADO'	,1019,	55020,	87);
INSERT INTO Resultado VALUES (	1000021,	'RECHAZADO'	,1020,	55021,	73);
INSERT INTO Resultado VALUES (	1000022,	'RECHAZADO'	,1021,	55022,	79);
INSERT INTO Resultado VALUES (	1000023,	'APROVADO'	,1022,	55023,	83);
INSERT INTO Resultado VALUES (	1000024,	'APROVADO'	,1023,	55024,	105);
INSERT INTO Resultado VALUES (	1000025,	'APROVADO'	,1024,	55025,	109);
INSERT INTO Resultado VALUES (	1000026,	'APROVADO'	,1025,	55026,	90);
INSERT INTO Resultado VALUES (	1000027,	'RECHAZADO'	,1026,	55027,	78);
INSERT INTO Resultado VALUES (	1000028,	'APROVADO'	,1027,	55028,	88);
INSERT INTO Resultado VALUES (	1000029,	'APROVADO'	,1028,	55029,	87);
INSERT INTO Resultado VALUES (	1000030,	'RECHAZADO'	,1029,	55030,	57);

			    
#Incercion en tabla constancias
insert into constancia values(8500,'02/02/2020','2018150480052',9600,13000);
insert into constancia values(8501,'09/01/2020','2018150480053',9600,13001);
insert into constancia values(8502,'19/11/2020','2018150480054',9600,13002);
insert into constancia values(8503,'22/09/2020','2018150480055',9600,13003);
insert into constancia values(8504,'25/06/2020','2018150480056',9600,13004);
insert into constancia values(8505,'06/04/2020','2018150480057',9601,13005);
insert into constancia values(8506,'16/03/2020','2018150480058',9601,13006);
insert into constancia values(8507,'30/10/2020','2018150480059',9601,13007);
insert into constancia values(8508,'25/07/2020','2018150480060',9601,13008);
insert into constancia values(8509,'02/08/2020','2018150480061',9601,13009);

insert into constancia values(8510,'23/02/2020','2018150480195',9602,13010);
insert into constancia values(8511,'11/04/2020','2018150480034',9602,13011);
insert into constancia values(8512,'05/12/2020','2018150480572',9602,13012);
insert into constancia values(8513,'10/10/2020','2018150480246',9602,13013);
insert into constancia values(8514,'15/05/2020','2018150480125',9602,13014);
insert into constancia values(8515,'21/08/2020','2018150480873',9603,13015);
insert into constancia values(8516,'03/04/2020','2018150480164',9603,13016);
insert into constancia values(8517,'26/06/2020','2018150480073',9603,13017);
insert into constancia values(8518,'09/07/2020','2018150480724',9603,13018);
insert into constancia values(8519,'13/12/2020','2018150480936',9603,13019);

insert into constancia values(8520,'07/10/2020','2018150480900',9604,13020);
insert into constancia values(8521,'14/03/2020','2018150480915',9604,13021);
insert into constancia values(8522,'01/08/2020','2018150480945',9604,13022);
insert into constancia values(8523,'27/06/2020','2018150480975',9604,13023);
insert into constancia values(8524,'12/05/2020','2018150480969',9604,13024);
insert into constancia values(8525,'13/11/2020','2018150480900',9605,13025);
insert into constancia values(8526,'05/02/2020','2018150480915',9605,13026);
insert into constancia values(8527,'18/12/2020','2018150480945',9605,13027);
insert into constancia values(8528,'01/09/2020','2018150480975',9605,13028);
insert into constancia values(8529,'17/01/2020','2018150480969',9605,13029);    
 #Incercion tabla tipo
insert into tipo values(9600,'Constancia de estudios','Especifica el semestre y carrera actualmente cursada');
insert into tipo values(9601,'Constancia de estudios con promedio general','Especifica el promedio de todos los semestres cursados');
insert into tipo values(9602,'Constancia de estudios con promedio del semestre inmediato anterior','Especifica el promerio del semestre anterior');
insert into tipo values(9603,'Constancia de estudios con calificaciones del semestre inmediato anterior','Especifica las calificaciones por materia del semestre anterior');
insert into tipo values(9604,'Historial Académico (Kardex)','Especifica las calificaciones de las materias de todos los semestres anteriores');
insert into tipo values(9605,'Boleta','Especifica las calificaicones por unidad de las materias del semestre terminado');
                        
 #insersion de datos en tabla grupo EN ORACLE       
INSERT INTO GRUPO VALUES (101,'A','LZ-301',PENDIENTE);
INSERT INTO GRUPO VALUES (102,'A','LZ-302',PENDIENTE);
INSERT INTO GRUPO VALUES (103,'A','LZ-303',PENDIENTE);
INSERT INTO GRUPO VALUES (104,'A','LZ-304',PENDIENTE);
INSERT INTO GRUPO VALUES (105,'A','LZ-305',PENDIENTE);

INSERT INTO GRUPO VALUES (106,'B','IC-101',PENDIENTE);
INSERT INTO GRUPO VALUES (107,'B','IC-102',PENDIENTE);
INSERT INTO GRUPO VALUES (108,'B','IC-103',PENDIENTE);
INSERT INTO GRUPO VALUES (109,'B','IC-104',PENDIENTE);
INSERT INTO GRUPO VALUES (110,'B','IC-105',PENDIENTE);

INSERT INTO GRUPO VALUES (111,'C','IM-701',PENDIENTE);
INSERT INTO GRUPO VALUES (112,'C','IM-702',PENDIENTE);
INSERT INTO GRUPO VALUES (113,'C','IM-703',PENDIENTE);
INSERT INTO GRUPO VALUES (114,'C','IM-704',PENDIENTE);
INSERT INTO GRUPO VALUES (115,'C','IM-705',PENDIENTE);

INSERT INTO GRUPO VALUES (116,'D','IF-501',PENDIENTE);
INSERT INTO GRUPO VALUES (117,'D','IF-502',PENDIENTE);
INSERT INTO GRUPO VALUES (118,'D','IF-503',PENDIENTE);
INSERT INTO GRUPO VALUES (119,'D','IF-504',PENDIENTE);
INSERT INTO GRUPO VALUES (120,'D','IF-505',PENDIENTE);

INSERT INTO GRUPO VALUES (121,'E','AI-601',PENDIENTE);
INSERT INTO GRUPO VALUES (122,'E','AI-602',PENDIENTE);
INSERT INTO GRUPO VALUES (123,'E','AI-603',PENDIENTE);
INSERT INTO GRUPO VALUES (124,'E','AI-604',PENDIENTE);
INSERT INTO GRUPO VALUES (125,'E','AI-605',PENDIENTE);

INSERT INTO GRUPO VALUES (126,'F','L0-201',PENDIENTE);
INSERT INTO GRUPO VALUES (127,'F','L0-202',PENDIENTE);
INSERT INTO GRUPO VALUES (128,'F','L0-203',PENDIENTE);
INSERT INTO GRUPO VALUES (129,'F','L0-204',PENDIENTE);
INSERT INTO GRUPO VALUES (130,'F','L0-205',PENDIENTE);
                            
                            
#Insersion de datos a tabla examen en ORACLE
INSERT INTO EXAMEN VALUES (1000,'14:23','25/11/2020','TESJo',pendiente,pendiente);
INSERT INTO EXAMEN VALUES (1001,'12:32','01/02/2021','TESJo',pendiente,pendiente);
INSERT INTO EXAMEN VALUES (1002,'10:21','03/02/2021','TESJo',pendiente,pendiente);
INSERT INTO EXAMEN VALUES (1003,'11:23','25/11/2021','TESJo',pendiente,pendiente);
INSERT INTO EXAMEN VALUES (1004,'21:32','25/11/2021','TESJo',pendiente,pendiente);
INSERT INTO EXAMEN VALUES (1005,'13:51','25/11/2021','TESJo',pendiente,pendiente);
INSERT INTO EXAMEN VALUES (1006,'19:55','25/11/2021','TESJo',pendiente,pendiente);
INSERT INTO EXAMEN VALUES (1007,'17:42','25/11/2021','TESJo',pendiente,pendiente);
INSERT INTO EXAMEN VALUES (1008,'07:21','25/11/2021','TESJo',pendiente,pendiente);
INSERT INTO EXAMEN VALUES (1010,'24:10','25/11/2021','TESJo',pendiente,pendiente);
INSERT INTO EXAMEN VALUES (1011,'11:54','25/11/2021','TESJo',pendiente,pendiente);
INSERT INTO EXAMEN VALUES (1012,'21:45','25/11/2021','TESJo',pendiente,pendiente);
INSERT INTO EXAMEN VALUES (1013,'22:34','25/11/2021','TESJo',pendiente,pendiente);
INSERT INTO EXAMEN VALUES (1014,'20:14','25/11/2021','TESJo',pendiente,pendiente);
INSERT INTO EXAMEN VALUES (1015,'12:53','25/11/2021','TESJo',pendiente,pendiente);
INSERT INTO EXAMEN VALUES (1016,'08:23','25/11/2021','TESJo',pendiente,pendiente);
INSERT INTO EXAMEN VALUES (1017,'09:54','25/11/2021','TESJo',pendiente,pendiente);
INSERT INTO EXAMEN VALUES (1018,'21:46','25/11/2021','TESJo',pendiente,pendiente);
INSERT INTO EXAMEN VALUES (1019,'22:31','25/11/2021','TESJo',pendiente,pendiente);
INSERT INTO EXAMEN VALUES (1020,'23:59','25/11/2021','TESJo',pendiente,pendiente);
INSERT INTO EXAMEN VALUES (1021,'13:56','25/11/2021','TESJo',pendiente,pendiente);
INSERT INTO EXAMEN VALUES (1022,'16:40','25/11/2021','TESJo',pendiente,pendiente);
INSERT INTO EXAMEN VALUES (1023,'10:22','25/11/2021','TESJo',pendiente,pendiente);
INSERT INTO EXAMEN VALUES (1024,'19:12','25/11/2021','TESJo',pendiente,pendiente);
INSERT INTO EXAMEN VALUES (1025,'20:11','25/11/2021','TESJo',pendiente,pendiente);
INSERT INTO EXAMEN VALUES (1026,'18:47','25/11/2021','TESJo',pendiente,pendiente);
INSERT INTO EXAMEN VALUES (1027,'08:21','25/11/2021','TESJo',pendiente,pendiente);
INSERT INTO EXAMEN VALUES (1028,'12:54','25/11/2021','TESJo',pendiente,pendiente);
INSERT INTO EXAMEN VALUES (1029,'07:13','25/11/2021','TESJo',pendiente,pendiente);
                           
                            
# Registros de la Tabla PAGOS
INSERT INTO PAGOS VALUES (11001, '970000219016255724543393201', 'Inscripción', 3055);
INSERT INTO PAGOS VALUES (11002, '970000219016255724543393202', 'Inscripción', 3055);
INSERT INTO PAGOS VALUES (11003, '970000219016255724543393203', 'Inscripción', 3055);
INSERT INTO PAGOS VALUES (11004, '970000219016255724543393204', 'Inscripción', 3055);
INSERT INTO PAGOS VALUES (11005, '970000219016255724543393205', 'Inscripción', 3055);
INSERT INTO PAGOS VALUES (11006, '970000219016255724543393206', 'Inscripción', 3055);
INSERT INTO PAGOS VALUES (11007, '970000219016255724543393207', 'Inscripción', 3055);

			    
			    
			    
			    
			    
			    
#Pagos constancias
INSERT INTO PAGOS VALUES (18000, '970000219016255724543393900', 'Constancia', 40);
INSERT INTO PAGOS VALUES (18001, '970000219016255724543393901', 'Constancia', 40);
INSERT INTO PAGOS VALUES (18002, '970000219016255724543393902', 'Constancia', 40);
INSERT INTO PAGOS VALUES (18003, '970000219016255724543393903', 'Constancia', 40);
INSERT INTO PAGOS VALUES (18004, '970000219016255724543393904', 'Constancia', 40);
INSERT INTO PAGOS VALUES (18005, '970000219016255724543393905', 'Constancia', 40);
INSERT INTO PAGOS VALUES (18006, '970000219016255724543393906', 'Constancia', 40);
INSERT INTO PAGOS VALUES (18007, '970000219016255724543393907', 'Constancia', 40);
INSERT INTO PAGOS VALUES (18008, '970000219016255724543393908', 'Constancia', 40);
INSERT INTO PAGOS VALUES (18009, '970000219016255724543393909', 'Constancia', 40);


INSERT INTO PAGOS VALUES (18010, '970000219016255724543393910', 'Constancia', 40);
INSERT INTO PAGOS VALUES (18011, '970000219016255724543393911', 'Constancia', 40);
INSERT INTO PAGOS VALUES (18012, '970000219016255724543393912', 'Constancia', 40);
INSERT INTO PAGOS VALUES (18013, '970000219016255724543393913', 'Constancia', 40);
INSERT INTO PAGOS VALUES (18014, '970000219016255724543393914', 'Constancia', 40);
INSERT INTO PAGOS VALUES (18015, '970000219016255724543393915', 'Constancia', 40);
INSERT INTO PAGOS VALUES (18016, '970000219016255724543393916', 'Constancia', 40);
INSERT INTO PAGOS VALUES (18017, '970000219016255724543393917', 'Constancia', 40);
INSERT INTO PAGOS VALUES (18018, '970000219016255724543393918', 'Constancia', 40);
INSERT INTO PAGOS VALUES (18019, '970000219016255724543393919', 'Constancia', 40);

INSERT INTO PAGOS VALUES (18020, '970000219016255724543393920', 'Constancia', 40);
INSERT INTO PAGOS VALUES (18021, '970000219016255724543393921', 'Constancia', 40);
INSERT INTO PAGOS VALUES (18022, '970000219016255724543393922', 'Constancia', 40);
INSERT INTO PAGOS VALUES (18023, '970000219016255724543393923', 'Constancia', 40);
INSERT INTO PAGOS VALUES (18024, '970000219016255724543393924', 'Constancia', 40);
INSERT INTO PAGOS VALUES (18025, '970000219016255724543393925', 'Constancia', 40);
INSERT INTO PAGOS VALUES (18026, '970000219016255724543393926', 'Constancia', 40);
INSERT INTO PAGOS VALUES (18027, '970000219016255724543393927', 'Constancia', 40);
INSERT INTO PAGOS VALUES (18028, '970000219016255724543393928', 'Constancia', 40);
INSERT INTO PAGOS VALUES (18029, '970000219016255724543393929', 'Constancia', 40);			    
			    
			    
			    
			    
			    
			    
			    
			    
			    
			    
			    
			    
			    
			    
			    
			    
INSERT INTO PAGOS VALUES (12001, '970000219016255724543393300', 'Derecho a Examen', 645);

INSERT INTO PAGOS VALUES (13001, '970000219016255724543393400', 'Inscripción Licenciatura', 3635);

INSERT INTO PAGOS VALUES (14001, '970000219016255724543393500', 'Recursamiento por Creditos', 79);
# Tipos de Pagos
# INSERT INTO PAGOS VALUES (1X0XX, '9700002190162557245433932XX', 'Derecho a Examen', 645);
# INSERT INTO PAGOS VALUES (1X0XX, '9700002190162557245433932XX', 'Certificado de Estudios Parcial', 409);
# INSERT INTO PAGOS VALUES (1X0XX, '9700002190162557245433932XX', 'Certificado de Estudios Total', 821);
# INSERT INTO PAGOS VALUES (1X0XX, '9700002190162557245433932XX', 'Constancia', 40);
# INSERT INTO PAGOS VALUES (1X0XX, '9700002190162557245433932XX', 'Inscripción Licenciatura', 3635);
# INSERT INTO PAGOS VALUES (1X0XX, '9700002190162557245433932XX', 'Recursamiento por Creditos', 79);
# INSERT INTO PAGOS VALUES (1X0XX, '9700002190162557245433932XX', 'Recursamiento por Creditos - Curso Especial', 79);
# INSERT INTO PAGOS VALUES (1X0XX, '9700002190162557245433932XX', 'Seguro contra Accidentes', 102);


	#id_pago int NOT NULL,
	#Folio varchar(30) NOT NULL,
	#TipoPago varchar(30) NOT NULL,
	#Cantidad int NOT NULL,
	#CONSTRAINT pk_pago PRIMARY KEY
			 
		#DATOS DE DOCENTE EN ORACLE
INSERT INTO DOCENTE VALUES (001,'15487592','ESPECIALIDAD', 'INFORMATICA Y TELECOMUNICACIONES','78495623185',PENDIENTE);
INSERT INTO DOCENTE VALUES (002,'78459621','ESPECIALIDAD','EN DESARROLLO DE SOFTWARE','98784512360',PENDIENTE);
INSERT INTO DOCENTE VALUES (003,'96584589','MAESTRIA','EN COMPUTACION PARA LA DOCENCIA','77448512201',PENDIENTE);
INSERT INTO DOCENTE VALUES (004,'12345678','MAESTRIA','EN IFORMATICA EDUCATIVA','89745621151',PENDIENTE);
INSERT INTO DOCENTE VALUES (005,'10000012','MAESTRIA','INGENIERIA ELECTRONICA','89547823101',PENDIENTE);
INSERT INTO DOCENTE VALUES (006,'15874695','MAESTRIA','EN ARQUITECTURA DE TECNOLOGIAS DE INFORMACION','55894701236',PENDIENTE);
INSERT INTO DOCENTE VALUES (007,'10002459','ESPECIALIDAD','EN DESARROLLO DE BASE DE DATOS','11202584796',PENDIENTE);
INSERT INTO DOCENTE VALUES (008,'87654321','MAESTRIA','EN ROBOTICA','96100125841',PENDIENTE);
INSERT INTO DOCENTE VALUES (009,'78965412','ESPECIALIDAD','EN COMUNICACIONES','778945896325',PENDIENTE);
INSERT INTO DOCENTE VALUES (010,'14785236','MAESTRIA','EN BIOMEDICA','77458912581',PENDIENTE);
INSERT INTO DOCENTE VALUES (011,'36985214','ESPECIALIDAD',' EN DERECHO FISCAL','01122548101',PENDIENTE);
INSERT INTO DOCENTE VALUES (012,'75395146','MAESTRIA','EN DIRECCION DE MARKETING','33251226354',PENDIENTE);
INSERT INTO DOCENTE VALUES (013,'85214639','ESPECIALIDAD','EN ARQUITECTURA DE TECNOLOGIAS DE INFORMACION','99548741250',PENDIENTE);
INSERT INTO DOCENTE VALUES (014,'78965432','LICENCIATURA','EN DIRECCION DE MARKETING','56211548784',PENDIENTE);
INSERT INTO DOCENTE VALUES (015,'12987436','MAESTRIA','EN DIRECCION FINANCIERA','22365224721',PENDIENTE);
INSERT INTO DOCENTE VALUES (016,'45632789','MAESTRIA','EN MARKETING DIGITAL Y COMERCIO DIGITAL','15141312110',PENDIENTE);
INSERT INTO DOCENTE VALUES (017,'78964521','ESPECIALIDAD','EN ARQUITECTURA DE TECNOLOGIAS DE INFORMACION','69968748581',PENDIENTE);
INSERT INTO DOCENTE VALUES (018,'78549632','MAESTRIA','EN FINANZAS ESTRATEGICAS','15514785874',PENDIENTE);
INSERT INTO DOCENTE VALUES (019,'14598745','MAESTRIA','EN ROBOTICA','77877845797',PENDIENTE);
INSERT INTO DOCENTE VALUES (020,'78965412','ESPECIALIDAD','EN COMPUTACION PARA LA DOCENCIA','18154878891',PENDIENTE);

INSERT INTO DOCENTE VALUES (021,'12003266','DOCTORADO','EN CIENCIA DE LOS NANOMATERIALES','78475717271',PENDIENTE);
INSERT INTO DOCENTE VALUES (022,'22115501','ESPECIALIDAD','EN ROBOTICA','96895847125',PENDIENTE);
INSERT INTO DOCENTE VALUES (023,'00000111','MAESTRIA','EN CIENCIA DE LOS NANOMATERIALES','154879581241',PENDIENTE);
INSERT INTO DOCENTE VALUES (024,'99884520','ESPECIALIDAD','EN DERECHO FISCAL','65897415820',PENDIENTE);
INSERT INTO DOCENTE VALUES (025,'10002547','DOCTORADO','INFORMATICA Y TELECOMUNICACIONES','03154875218',PENDIENTE);

INSERT INTO DOCENTE VALUES (026,'15789645','MAESTRIA','EN QUIMICA DE LOS MATERIALES','15584730201',PENDIENTE);
INSERT INTO DOCENTE VALUES (027,'15874695','ESPECIALIDAD','EN DESARROLLO DE BASE DE DATOS','87494895281',PENDIENTE);
INSERT INTO DOCENTE VALUES (028,'03265874','ESPECIALIDAD','EN DESARROLLO DE BASE DE DATOS','78495821474',PENDIENTE);
INSERT INTO DOCENTE VALUES (029,'78965412','ESPECIALIDAD','EN DERECHO FISCAL','12564789361',PENDIENTE);
INSERT INTO DOCENTE VALUES (030,'17435812','MAESTRIA','EN FISICA Y CIENCIA DE LOS MATERIALES','52142536102',PENDIENTE);
			    
			  #DATOS DE TABLA DOCENTE EN MySQL
	insert into Docente VALUES (2000,12345671,'Carrera Profecional',12345678910,1000);
insert into Docente VALUES (2001,12345672,'Carrera Profecional',12345678911,1001);
insert into Docente VALUES (2002,12345673,'Carrera Profecional',12345678912,1002);
insert into Docente VALUES (2003,12345674,'Carrera Profecional',12345678913,1003);
insert into Docente VALUES (2004,12345675,'Carrera Profecional',12345678914,1004);
insert into Docente VALUES (2005,12345676,'Carrera Profecional',12345678915,1005);
insert into Docente VALUES (2006,12345677,'Carrera Profecional',12345678916,1006);
insert into Docente VALUES (2007,12345678,'Carrera Profecional',12345678917,1007);
insert into Docente VALUES (2008,12345679,'Carrera Profecional',12345678918,1008);
insert into Docente VALUES (2009,12345680,'Carrera Profecional',12345678919,1009);
insert into Docente VALUES (2010,12345681,'Carrera Profecional',12345678920,1010);
insert into Docente VALUES (2011,12345682,'Carrera Profecional',12345678921,1011);
insert into Docente VALUES (2012,12345683,'Carrera Profecional',12345678922,1012);
insert into Docente VALUES (2013,12345684,'Carrera Profecional',12345678923,1013);
insert into Docente VALUES (2014,12345685,'Carrera Profecional',12345678924,1014);
insert into Docente VALUES (2015,12345686,'Carrera Profecional',12345678925,1015);
insert into Docente VALUES (2016,12345687,'Carrera Profecional',12345678926,1016);
insert into Docente VALUES (2017,12345688,'Carrera Profecional',12345678927,1017);
insert into Docente VALUES (2018,12345689,'Carrera Profecional',12345678928,1018);
insert into Docente VALUES (2019,12345690,'Carrera Profecional',12345678929,1019);
insert into Docente VALUES (2020,12345691,'Carrera Profecional',12345678930,1000);
insert into Docente VALUES (2021,12345692,'Carrera Profecional',12345678931,1021);
insert into Docente VALUES (2022,12345693,'Carrera Profecional',12345678932,1021);
insert into Docente VALUES (2023,12345694,'Carrera Profecional',12345678933,1022);
insert into Docente VALUES (2024,12345695,'Carrera Profecional',12345678934,1023);
insert into Docente VALUES (2025,12345696,'Carrera Profecional',12345678935,1024);
insert into Docente VALUES (2026,12345697,'Carrera Profecional',12345678936,1025);
insert into Docente VALUES (2027,12345698,'Carrera Profecional',12345678937,1026);
insert into Docente VALUES (2028,12345699,'Carrera Profecional',12345678938,1027);
insert into Docente VALUES (2029,12345100,'Carrera Profecional',12345678939,1028);
insert into Docente VALUES (2000,12345101,'Carrera Profecional',12345678940,1029);

			    #DATOS DE EXAMEN EN MySQL
INSERT INTO EXAMEN VALUES (1000,'14:23','2020-11-25','TESJo',0,0);
INSERT INTO EXAMEN VALUES (1001,'12:32','2021-02-01','TESJo',0,0);
INSERT INTO EXAMEN VALUES (1003,'11:23','2021-11-25','TESJo',0,0);
INSERT INTO EXAMEN VALUES (1004,'21:32','2021-11-25','TESJo',0,0);
INSERT INTO EXAMEN VALUES (1005,'13:51','2021-11-25','TESJo',0,0);
INSERT INTO EXAMEN VALUES (1006,'19:55','2021-11-25','TESJo',0,0);
INSERT INTO EXAMEN VALUES (1007,'17:42','2021-11-25','TESJo',0,0);
INSERT INTO EXAMEN VALUES (1008,'07:21','2021-11-25','TESJo',0,0);
INSERT INTO EXAMEN VALUES (1010,'24:10','2021-11-25','TESJo',0,0);
INSERT INTO EXAMEN VALUES (1011,'11:54','2021-11-25','TESJo',0,0);
INSERT INTO EXAMEN VALUES (1012,'21:45','2021-11-25','TESJo',0,0);
INSERT INTO EXAMEN VALUES (1013,'22:34','2021-11-25','TESJo',0,0);
INSERT INTO EXAMEN VALUES (1014,'20:14','2021-11-25','TESJo',0,0);
INSERT INTO EXAMEN VALUES (1015,'12:53','2021-11-25','TESJo',0,0);
INSERT INTO EXAMEN VALUES (1016,'08:23','2021-11-25','TESJo',0,0);
INSERT INTO EXAMEN VALUES (1017,'09:54','2021-11-25','TESJo',0,0);
INSERT INTO EXAMEN VALUES (1018,'21:46','2021-11-25','TESJo',0,0);
INSERT INTO EXAMEN VALUES (1019,'22:31','2021-11-25','TESJo',0,0);
INSERT INTO EXAMEN VALUES (1020,'23:59','2021-11-25','TESJo',0,0);
INSERT INTO EXAMEN VALUES (1021,'13:56','2021-11-25','TESJo',0,0);
INSERT INTO EXAMEN VALUES (1022,'16:40','2021-11-25','TESJo',0,0);
INSERT INTO EXAMEN VALUES (1023,'10:22','2021-11-25','TESJo',0,0);
INSERT INTO EXAMEN VALUES (1024,'19:12','2021-11-25','TESJo',0,0);
INSERT INTO EXAMEN VALUES (1025,'20:11','2021-11-25','TESJo',0,0);
INSERT INTO EXAMEN VALUES (1026,'18:47','2021-11-25','TESJo',0,0);
INSERT INTO EXAMEN VALUES (1027,'08:21','2021-11-25','TESJo',0,0);
INSERT INTO EXAMEN VALUES (1028,'12:54','2021-11-25','TESJo',0,0);
INSERT INTO EXAMEN VALUES (1029,'07:13','2021-11-25','TESJo',0,0);

	
