# Registros Alumnos
INSERT INTO alumnos VALUES ('2018150480052','----');
INSERT INTO alumnos VALUES ('2018150480053','----');
INSERT INTO alumnos VALUES ('2018150480054','----');
INSERT INTO alumnos VALUES ('2018150480055','----');
INSERT INTO alumnos VALUES ('2018150480056','----');
INSERT INTO alumnos VALUES ('2018150480057','----');
INSERT INTO alumnos VALUES ('2018150480058','----');
INSERT INTO alumnos VALUES ('2018150480059','----');
INSERT INTO alumnos VALUES ('2018150480060','----');
INSERT INTO alumnos VALUES ('2018150480061','----');

INSERT INTO alumnos VALUES('2018150480195',pendiente);
INSERT INTO alumnos VALUES('2018150480034',pendiente);
INSERT INTO alumnos VALUES('2018150480572',pendiente);
INSERT INTO alumnos VALUES('2018150480246',pendiente);
INSERT INTO alumnos VALUES('2018150480125',pendiente);
INSERT INTO alumnos VALUES('2018150480873',pendiente);
INSERT INTO alumnos VALUES('2018150480164',pendiente);
INSERT INTO alumnos VALUES('2018150480073',pendiente);
INSERT INTO alumnos VALUES('2018150480724',pendiente);
INSERT INTO alumnos VALUES('2018150480936',pendiente);

INSERT INTO alumnos VALUES ('2018150480900','----');
INSERT INTO alumnos VALUES ('2018150480915','----');
INSERT INTO alumnos VALUES ('2018150480945','----');
INSERT INTO alumnos VALUES ('2018150480975','----');
INSERT INTO alumnos VALUES ('2018150480969','----');
INSERT INTO alumnos VALUES ('2018150480947','----');
INSERT INTO alumnos VALUES ('2018150480930','----');
INSERT INTO alumnos VALUES ('2018150480974','----');
INSERT INTO alumnos VALUES ('2018150480985','----');

# Registros Unidades
INSERT INTO unidades VALUES ('clavemateria-1',1,'Arquitecturas de cómputo',----);
INSERT INTO unidades VALUES ('clavemateria-2',2,'Estructura y funcionamiento de la CPU',----);
INSERT INTO unidades VALUES ('clavemateria-3',3,'Componentes para ensamble de equipo de computo',----);
INSERT INTO unidades VALUES ('clavemateria-4',4,'Procesamiento paralelo',----);
INSERT INTO unidades VALUES ('clavemateria-1',1,'Sistemas operativos',----);
INSERT INTO unidades VALUES ('clavemateria-2',2,'Administracion de procesos y hyperprocesador',----);
INSERT INTO unidades VALUES ('clavemateria-3',3,'Administracion de memoria',----);
INSERT INTO unidades VALUES ('clavemateria-4',4,'Administracion de Entrada-Salida',----);
INSERT INTO unidades VALUES ('clavemateria-5',5,'Sistemas de archivos',----);
INSERT INTO unidades VALUES ('clavemateria-6',6,'Proteccion y seguridad',----);

INSERT INTO unidades VALUES('clavemateria-1',1,'Fundamentos de Ingeneria en Software',pendiente);
INSERT INTO unidades VALUES('clavemateria-5',5,'Introduccion a la Animacion Por Computadora',pendiente);
INSERT INTO unidades VALUES('clavemateria-2',2,'El modelo de negocio',pendiente);
INSERT INTO unidades VALUES('clavemateria-3',3,'Ingenria de Requerimentos',pendiente);
INSERT INTO unidades VALUES('clavemateria-4',4,'Modelo de Analisis',pendiente);
INSERT INTO unidades VALUES('clavemateria-5',5,'Calidad de Software',pendiente);
INSERT INTO unidades VALUES('clavemateria-1',1,'Introduccion a la Graficacion Por Computadora',pendiente);
INSERT INTO unidades VALUES('clavemateria-2',2,'Graficacion 2D',pendeinte);
INSERT INTO unidades VALUES('clavemateria-3',3,'Graficacion 3D',pendiente);
INSERT INTO unidades VALUES('clavemateria-4',4,'Relleno, Iluminacion y Sombreado',pendeinte);

INSERT INTO unidades VALUES('clavemateria-1',1,'El SGBD y el Lenguaje de Definición de Datos ',---);
INSERT INTO unidades VALUES('clavemateria-2',2,'Lenguaje de Manipulación de Datos ',---);
INSERT INTO unidades VALUES('clavemateria-3',3,'Administración de base de datos ',---);
INSERT INTO unidades VALUES('clavemateria-4',4,'SQL Procedural ',---);
INSERT INTO unidades VALUES('clavemateria-5',5,'Tecnologías de conectividad de base de datos  ',---);
INSERT INTO unidades VALUES('clavemateria-1',1,'Sistema de comunicación',---);
INSERT INTO unidades VALUES('clavemateria-2',2,'Medios de transmisión',---);
INSERT INTO unidades VALUES('clavemateria-3',3,'Modulación ',---);
INSERT INTO unidades VALUES('clavemateria-4',4,'Técnicas de conmutación y multiplexación',---);
INSERT INTO unidades VALUES('clavemateria-5',5,'Modelos y dispositivos de comunicación',---);
                            
#Insercion de calificaciones 
INSERT INTO calificaciones VALUES ('2018150480052','----',89,);
INSERT INTO calificaciones VALUES ('2018150480053','----',78,);
INSERT INTO calificaciones VALUES ('2018150480054','----',80,);
INSERT INTO calificaciones VALUES ('2018150480055','----',82,);
INSERT INTO calificaciones VALUES ('2018150480056','----',90,);
INSERT INTO calificaciones VALUES ('2018150480057','----',87,);
INSERT INTO calificaciones VALUES ('2018150480058','----',75,);
INSERT INTO calificaciones VALUES ('2018150480059','----',74,);
INSERT INTO calificaciones VALUES ('2018150480060','----',91,);
INSERT INTO calificaciones VALUES ('2018150480061','----',86,);

INSERT INTO calificaciones VALUES('2018150480195','----',89,);
INSERT INTO calificaciones VALUES('2018150480034','----',91,);
INSERT INTO calificaciones VALUES('2018150480572','----',83,);
INSERT INTO calificaciones VALUES('2018150480246','----',84,);
INSERT INTO calificaciones VALUES('2018150480125','----',85,);
INSERT INTO calificaciones VALUES('2018150480873','----',95,);
INSERT INTO calificaciones VALUES('2018150480164','----',75,);
INSERT INTO calificaciones VALUES('2018150480073','----',60,);
INSERT INTO calificaciones VALUES('2018150480724','----',75,);
INSERT INTO calificaciones VALUES('2018150480936','----',96,);

INSERT INTO calificaciones VALUES ('2018150480900','----',85,);
INSERT INTO calificaciones VALUES ('2018150480915','----',79,);
INSERT INTO calificaciones VALUES ('2018150480945','----',81,);
INSERT INTO calificaciones VALUES ('2018150480975','----',86,);
INSERT INTO calificaciones VALUES ('2018150480969','----',89,);
INSERT INTO calificaciones VALUES ('2018150480947','----',70,);
INSERT INTO calificaciones VALUES ('2018150480930','----',65,);
INSERT INTO calificaciones VALUES ('2018150480974','----',93,);
INSERT INTO calificaciones VALUES ('2018150480985','----',69,);
#Insercion de datos en la tabla preinscripcion                                                
INSERT INTO preinscripcion (folio, fecha, carrera_alterna1, carrera_alterna2, carrera_alterna3, id_persona, fotografia, escuela_procedencia, municipio_escuela, promedio) VALUES (55001, '//', pendiente, pendiente, pendiente, pendiente, imagen1.jpg, 'CBT Lic. MArio Colín Sánchez', 'Atlacomulco', '92-95');
INSERT INTO preinscripcion (folio, fecha, carrera_alterna1, carrera_alterna2, carrera_alterna3, id_persona, fotografia, escuela_procedencia, municipio_escuela, promedio) VALUES (55002, '//', pendiente, pendiente, pendiente, pendiente, imagen2.jpg, 'Escuela Preparatoria Oficial N.56', 'Jocotitlan', '88-91');
INSERT INTO preinscripcion (folio, fecha, carrera_alterna1, carrera_alterna2, carrera_alterna3, id_persona, fotografia, escuela_procedencia, municipio_escuela, promedio) VALUES (55003, '//', pendiente, pendiente, pendiente, pendiente, imagen3.jpg, 'CBT Dr. Maximiliano Ruiz Castañeda', 'Jocotitlá', '77-80');
INSERT INTO preinscripcion (folio, fecha, carrera_alterna1, carrera_alterna2, carrera_alterna3, id_persona, fotografia, escuela_procedencia, municipio_escuela, promedio) VALUES (55004, '//', pendiente, pendiente, pendiente, pendiente, imagen4.jpg, 'CECyTEM Plantel Ixtlahuaca', 'Ixtlahuaca', '94-97');
INSERT INTO preinscripcion (folio, fecha, carrera_alterna1, carrera_alterna2, carrera_alterna3, id_persona, fotografia, escuela_procedencia, municipio_escuela, promedio) VALUES (55005, '//', pendiente, pendiente, pendiente, pendiente, imagen5.jpg, 'Escuela Preparatoria Oficial No. 58', 'San Felipe Santiago', '73-76');
INSERT INTO preinscripcion (folio, fecha, carrera_alterna1, carrera_alterna2, carrera_alterna3, id_persona, fotografia, escuela_procedencia, municipio_escuela, promedio) VALUES (55006, '//', pendiente, pendiente, pendiente, pendiente, imagen6.jpg, 'Preparatoria Nueva Creación', 'San Bartolo Oxtotitlán', '93-96');
INSERT INTO preinscripcion (folio, fecha, carrera_alterna1, carrera_alterna2, carrera_alterna3, id_persona, fotografia, escuela_procedencia, municipio_escuela, promedio) VALUES (55007, '//', pendiente, pendiente, pendiente, pendiente, imagen7.jpg, 'ESCUELA PREPARATORIA OFICIAL NUM. 176', 'San Bartolo del Llano', '79-82');
INSERT INTO preinscripcion (folio, fecha, carrera_alterna1, carrera_alterna2, carrera_alterna3, id_persona, fotografia, escuela_procedencia, municipio_escuela, promedio) VALUES (55008, '//', pendiente, pendiente, pendiente, pendiente, imagen8.jpg, 'CECYTEM PLANTEL JIQUIPILCO', 'Jiquipilco', '80-83');
INSERT INTO preinscripcion (folio, fecha, carrera_alterna1, carrera_alterna2, carrera_alterna3, id_persona, fotografia, escuela_procedencia, municipio_escuela, promedio) VALUES (55009, '//', pendiente, pendiente, pendiente, pendiente, imagen9.jpg, 'Escuela Preparatoria Oficial No. 136', 'Ixtlahuaca', '84-87');
INSERT INTO preinscripcion (folio, fecha, carrera_alterna1, carrera_alterna2, carrera_alterna3, id_persona, fotografia, escuela_procedencia, municipio_escuela, promedio) VALUES (55010, '//', pendiente, pendiente, pendiente, pendiente, imagen10.jpg, 'Escuela Preparatoria Oficial Número 59', 'Ixtlahuaca', '87-90');
INSERT INTO preinscripcion (folio, fecha, carrera_alterna1, carrera_alterna2, carrera_alterna3, id_persona, fotografia, escuela_procedencia, municipio_escuela, promedio) VALUES (55011, '//', pendiente, pendiente, pendiente, pendiente, imagen11.jpg, 'Maestro Pedro León', 'Ixtlahuaca', '78-81');
INSERT INTO preinscripcion (folio, fecha, carrera_alterna1, carrera_alterna2, carrera_alterna3, id_persona, fotografia, escuela_procedencia, municipio_escuela, promedio) VALUES (55012, '//', pendiente, pendiente, pendiente, pendiente, imagen12.jpg, 'Centro de Estudios de Bachillerato #69', 'Ixtlahuaca', '90-93');
INSERT INTO preinscripcion (folio, fecha, carrera_alterna1, carrera_alterna2, carrera_alterna3, id_persona, fotografia, escuela_procedencia, municipio_escuela, promedio) VALUES (55013, '//', pendiente, pendiente, pendiente, pendiente, imagen13.jpg, 'Escuela Preparatoria Químico José Donaciano Morales', 'Ixtlahuaca', '95-98');
INSERT INTO preinscripcion (folio, fecha, carrera_alterna1, carrera_alterna2, carrera_alterna3, id_persona, fotografia, escuela_procedencia, municipio_escuela, promedio) VALUES (55014, '//', pendiente, pendiente, pendiente, pendiente, imagen14.jpg, 'Colegio Mexiquense de Educación Técnica Plantel Ixtlahuaca', 'Ixtlahuaca', '77-80');
INSERT INTO preinscripcion (folio, fecha, carrera_alterna1, carrera_alterna2, carrera_alterna3, id_persona, fotografia, escuela_procedencia, municipio_escuela, promedio) VALUES (55015, '//', pendiente, pendiente, pendiente, pendiente, imagen15.jpg, 'Escuela Preparatoria Oficial No. 071', 'Jiquipilco', '95-98');
INSERT INTO preinscripcion (folio, fecha, carrera_alterna1, carrera_alterna2, carrera_alterna3, id_persona, fotografia, escuela_procedencia, municipio_escuela, promedio) VALUES (55016, '//', pendiente, pendiente, pendiente, pendiente, imagen16.jpg, 'Preparatoria General No. EPO 172 ', 'Temoaya', '77-80');
INSERT INTO preinscripcion (folio, fecha, carrera_alterna1, carrera_alterna2, carrera_alterna3, id_persona, fotografia, escuela_procedencia, municipio_escuela, promedio) VALUES (55017, '//', pendiente, pendiente, pendiente, pendiente, imagen17.jpg, 'PREPARATORIA OFICIAL 292', 'Temoaya', '88-91');
INSERT INTO preinscripcion (folio, fecha, carrera_alterna1, carrera_alterna2, carrera_alterna3, id_persona, fotografia, escuela_procedencia, municipio_escuela, promedio) VALUES (55018, '//', pendiente, pendiente, pendiente, pendiente, imagen18.jpg, 'Escuela Preparatoria Oficial No. 303', 'Ixtlahuaca', '98-100');
INSERT INTO preinscripcion (folio, fecha, carrera_alterna1, carrera_alterna2, carrera_alterna3, id_persona, fotografia, escuela_procedencia, municipio_escuela, promedio) VALUES (55019, '//', pendiente, pendiente, pendiente, pendiente, imagen19.jpg, 'Preparatoria Regional de Villa Victoria', 'San Pedro del Rincon', '90-93');
INSERT INTO preinscripcion (folio, fecha, carrera_alterna1, carrera_alterna2, carrera_alterna3, id_persona, fotografia, escuela_procedencia, municipio_escuela, promedio) VALUES (55020, '//', pendiente, pendiente, pendiente, pendiente, imagen20.jpg, 'Escuela Preparatoria Oficial No. 303', 'Ixtlahuaca', '77-80');
INSERT INTO preinscripcion (folio, fecha, carrera_alterna1, carrera_alterna2, carrera_alterna3, id_persona, fotografia, escuela_procedencia, municipio_escuela, promedio) VALUES (55021, '//', pendiente, pendiente, pendiente, pendiente, imagen21.jpg, 'Escuela Preparatoria Oficial N.56', 'Jocotitlan', '70-73');
INSERT INTO preinscripcion (folio, fecha, carrera_alterna1, carrera_alterna2, carrera_alterna3, id_persona, fotografia, escuela_procedencia, municipio_escuela, promedio) VALUES (55022, '//', pendiente, pendiente, pendiente, pendiente, imagen22.jpg, 'CBT Dr. Maximiliano Ruiz Castañeda', 'Jocotitlá', '91-94');
INSERT INTO preinscripcion (folio, fecha, carrera_alterna1, carrera_alterna2, carrera_alterna3, id_persona, fotografia, escuela_procedencia, municipio_escuela, promedio) VALUES (55023, '//', pendiente, pendiente, pendiente, pendiente, imagen23.jpg, 'Preparatoria Nueva Creación', 'San Bartolo Oxtotitlán', '82-85');
INSERT INTO preinscripcion (folio, fecha, carrera_alterna1, carrera_alterna2, carrera_alterna3, id_persona, fotografia, escuela_procedencia, municipio_escuela, promedio) VALUES (55024, '//', pendiente, pendiente, pendiente, pendiente, imagen24.jpg, 'Centro de Estudios de Bachillerato #69', 'Ixtlahuaca', '88-91');
INSERT INTO preinscripcion (folio, fecha, carrera_alterna1, carrera_alterna2, carrera_alterna3, id_persona, fotografia, escuela_procedencia, municipio_escuela, promedio) VALUES (55025, '//', pendiente, pendiente, pendiente, pendiente, imagen25.jpg, 'Escuela Preparatoria Oficial No. 303', 'Ixtlahuaca' '80-83');
INSERT INTO preinscripcion (folio, fecha, carrera_alterna1, carrera_alterna2, carrera_alterna3, id_persona, fotografia, escuela_procedencia, municipio_escuela, promedio) VALUES (55026, '//', pendiente, pendiente, pendiente, pendiente, imagen26.jpg, 'CBT Lic. MArio Colín Sánchez', 'Atlacomulco', '99-100');
INSERT INTO preinscripcion (folio, fecha, carrera_alterna1, carrera_alterna2, carrera_alterna3, id_persona, fotografia, escuela_procedencia, municipio_escuela, promedio) VALUES (55027, '//', pendiente, pendiente, pendiente, pendiente, imagen27.jpg, 'Maestro Pedro León', 'Ixtlahuaca', '76-79');
INSERT INTO preinscripcion (folio, fecha, carrera_alterna1, carrera_alterna2, carrera_alterna3, id_persona, fotografia, escuela_procedencia, municipio_escuela, promedio) VALUES (55028, '//', pendiente, pendiente, pendiente, pendiente, imagen28.jpg, 'Escuela Preparatoria Químico José Donaciano Morales', 'Ixtlahuaca', '85-88');
INSERT INTO preinscripcion (folio, fecha, carrera_alterna1, carrera_alterna2, carrera_alterna3, id_persona, fotografia, escuela_procedencia, municipio_escuela, promedio) VALUES (55029, '//', pendiente, pendiente, pendiente, pendiente, imagen29.jpg, 'Preparatoria General No. EPO 172 ', 'Temoaya', '71-74');
INSERT INTO preinscripcion (folio, fecha, carrera_alterna1, carrera_alterna2, carrera_alterna3, id_persona, fotografia, escuela_procedencia, municipio_escuela, promedio) VALUES (55030, '//', pendiente, pendiente, pendiente, pendiente, imagen30.jpg, 'Colegio Mexiquense de Educación Técnica Plantel Ixtlahuaca', 'Ixtlahuaca', '94-97');
