#Tabla persona
INSERT INTO persona VALUES(01,'Jaime','Balderas','Jimenez','BAJJ000322HMCLMMA1','M','Estado de Mexico',7122196489,'jbjimenez@gmail.com','50783','Ixtlahuaca','San Antonio Bonixi','Melchor Ocampo','Avenida Principal');
INSERT INTO persona VALUES(02,'Beatriz','Mendoza','Ocampo','MEOB991221FMUDBUC2','F','Estado de Mexico',5544477788,'bmocampo@hotmail.com','50740','Ixtlahuaca','San Francisco','Gustavo Baz','Avenida Principal');
INSERT INTO persona VALUES(03,'Lorena','Garza','Sisneros','GASL980902JDNGMMQ3','F','Estado de Mexico',7122165544,'lgsisneros@gmail.com','50740','Ixtlahuca','Morelos','Adolfo Lopez','Avenida Principal');
INSERT INTO persona VALUES(04,'Alejandro','Paez','Salinas','PASA971003OEJVNMQ4','M','Queretaro',5559632147,'apsalinas@hotmail.com','50740','Ixtlahuaca','San Pedro','Venustiano','Avenida principal');
INSERT INTO persona VALUES(05,'Sandra','Reyes','Sanchez','RESS961104GBVMSSV5','F','Estado de Mexico',5596354782,'srsanchez@gmail.com','50740','Intlaguaca','Barri de los Perales','Carranza','Avenida Principal');
INSERT INTO persona VALUES(06,'Arturo','Gonzales','Sanchez','GOSA951205YRHCGLL6','M','Estado de Mexico',7124896321,'agsanchez@hotmail.com','50740','Ixtlahuaca','San Pedro','Frida Kahlo','Avenida Principal');	
INSERT INTO persona VALUES(07,'Martha','Beatriz','Martinez','BEMM940106GHJKLLE7','F','Estado de Mexico',5545789632,'mbmartinez@gmail.com','50740','Ixtlahuaca','San Bartolo','Emiliano','Avenida Principal');
INSERT INTO persona VALUES(08,'Jonathan','Gonzalez','Gutierrez','GOGJ930207QWERTTY8','M','Estado de Mexico',5536987412,'jggutierrez@gmail.com','50740','Ixtlahuaca','Santa Cruz','Rayon','Avenida Principal');
INSERT INTO persona VALUES(09,'Gustavo','Salinas','Salinas','SASG920308ASDFGGH9','M','Michoacan',7122369854,'gssalinas@gmail.com','50740','Ixtlahuaca','Atlacomulco','Loma','Avenida Principal');
INSERT INTO persona VALUES(10,'Carla','Florencio','Lopez','FLLC910409ZXCVBBN0','F','Estado de Mexico',5541236585,'cflopez@hotmail.com','50740','Ixtlahuca','San Juan','Obregón','Avenida Principal');
INSERT INTO persona VALUES(11,'Leticia','Cruz','Meliton','CRML900510MNBVCCX1','F','Estado de Mexico',7122145896,'lcmeliton@hotmail.com','50740','Ixtlahuaca','Jiquipilco','Amargura','Avenida Principal');
INSERT INTO persona VALUES(12,'Lorenzo','Marcelo','Gutierrez','MAGL010611POIUYYT2','M','Estado de Mexico',55444888,'lmgutierrez@hotmail.com','50740','Ixtlahuaca','Zapata','Loma de Bezares','Avenida Principal');
INSERT INTO persona VALUES(13,'Francisco','Gonzales','Gonzales','GOGF020712BHGKWWQ3','M','Estado de Mexico',7121458963,'fggonzales@hotmail.com','50740','Ixtlahuaca','Santa Maria','Barranca del Muerto','Avenida Principal');
INSERT INTO persona VALUES(14,'Silvia','Martinez','Bernardino','MABS010801DGBCHH4','F','Sinaloa',5544412368,'smbernardino@hotmail.com','50740','Ixtlahuca','Nijini','Capital Cortez','Avenida Principal');
INSERT INTO persona VALUES(15,'Jovani','Monrroy','Vilchis','MOVJ000902ZAQWSSX4','M','Estado de Mexico',5512365490,'jmvilchis@hotmail.com','50740','Ixtlahuca','Reyes','Fuente de Ballecas','Avenida Principal');
INSERT INTO persona VALUES(16,'Margarita','Salinas','Martinez','SAMM991003XCDERRF5','F','Estado de Mexico',7121458963,'msmatinez@hotmail.com','50740','Ixtlahuca','Portesgil','AlvarezdeToledo','Avenida Principal');
INSERT INTO persona VALUES(17,'Jose','Garcia','Bara','GABJ981104VTGBNNH6','M','Estado de Mexico',5523159753,'jgbara@hotmail.com','50740','Ixtlahuca','Loma Hidalgo','Plaza de Felipe','Avenida Principal');
INSERT INTO persona VALUES(18,'Sofia','Mendoza','Alvarez','MEAS971205NMJUIIK7','F','Estado de Mexico',5515975336,'smalvarez@gmail.com','50740','Ixtlahuca','San Pedro','Plaza del Duque','Avenida Principal');
INSERT INTO persona VALUES(19,'Jesus','Carrillo','Vergara','CAVJ960106KLOPNNP8','M','Veracruz',7124563695,'jcvergara@hotmail.com','50740','Ixtlahuca','Santo Domingo','Las Bugambilias','Avenida Principal');
INSERT INTO persona VALUES(20,'Raul','Melquiades','Monrroy','MEMR950207LPOIKKM9','M','Estado de Mexico',5536987412,'rmoros@gmail.com','50740','Ixtlahuca','San Francisco','General Astray','Avenida Principal');
INSERT INTO persona VALUES(21,'Arturo','Valdez','Ortega','VAOA940308NJUYGGV0','M','Jalisco',5512369875,'avortega@hotmail.com','50740','Ixtlahuca','Cachi','Comandante Sorita','Avenida Principal');
INSERT INTO persona VALUES(22,'Reyna','Angeles','Miranda','ANMR930409MVHDZZB1','F','Estado de Mexico',5512349873,'ramiranda@gmail.com','50740','Ixtlahuca','Loma Hidalgo','Emiliano Zapata','Avenida Principal');
INSERT INTO persona VALUES(23,'Cesar','Santigo','Chavez','SACC940510QWEASSD2','M','Hidalgo',5585236974,'cschavez@gmail.com','50740','Ixtlahuca','San Juan','Tlalpan','Avenida Principal');
INSERT INTO persona VALUES(24,'Benito','Juarez','Garcia','JUGB920611NBHGYYT3','M','Estado de Mexico',7121159324,'bjgarcia@hotmail.com','50740','Ixtlahuca','Santa Maria','Bonita','Avenida Principal');
INSERT INTO persona VALUES(25,'Frida','Nava','Lopez','NALF910712LPOKVVB4','F','Estado de Mexico',5596301230,'fnlopez@hotmail.com','50740','Ixtlahuca','Nijini','16de Septiembre','Avenida Principal');
INSERT INTO persona VALUES(26,'Emanuel','Perez','Garcia','PEGE900813DFERCCG5','M','Estado de Mexico',7122123256,'epgarcia@gmail.com','50740','Ixtlahuca','Jiquipilco','La Cava','Avenida Principal');
INSERT INTO persona VALUES(27,'Edmundo','Chaves','Chaves','CHCE020914HGYTNNZ6','M','Estado de Mexico',5544663322,'ecchaves@gmail.com','50740','Ixtlahuca','Jocotitlan','Loma Verdes','Avenida Principal');
INSERT INTO persona VALUES(28,'Carla','Mendoza','Ortiz','MEOC011015MPNOBBI7','F','Monterrey',7121459852,'cmortiz@hotmail.com','50740','Ixtlahuca','Zapat','Calle Rosal','Avenida Principal');
INSERT INTO persona VALUES(29,'Samuel','Florencio','Veltran','FLVS001116QZWXEEC8','M','Estado de Mexico',5544220011,'sfveltran@hotmail.com','50740','Ixtlahuaca','Santa Maria','Venustiano','Avenida Principal');
INSERT INTO persona VALUES(30,'Samantha','Nava','Ayala','NAAS001217ALSKJJD9','F','Estado de Mexico',7121036987,'snayala@gmail.com','50740','Ixtlahuca','San Juan','Barrio Lindo','Avenida Principal');
INSERT INTO persona VALUES(31,'Teresa','Plata','Hernandez','PLHT900101QWXZSSD1','F','Estado de Mexico',7121893857,'tphernandez@gmail.com','50727','Jocotitlan','Los Reyes','Buenavista','Av. 20 de noviembre');
INSERT INTO persona VALUES(32,'Erika','Cortez','Nazar','CONE890202JHKGFFN2','F','Estado de Mexico',7122123618,'ecnazar@gmail.com','5798','concepcion de los baños','San pedro de los baños','Mavoro','calle 32-c');
INSERT INTO persona VALUES(33,'Juan','Olmedo','Lopez','OLLJ880303VFGBTTR3','M','Estado de Mexico',7223456894,'jcapolo@gmail.com','50600','Ixtlahuaca','san lorenzo toxico','manzana 8','Avenida Principal');
INSERT INTO persona VALUES(34,'Leticia','Bribisca','Castillo','BRCL870404QWASDDE4','F','Distrito Federal',5536275438,'lbcastillo@gmail.com','50740','los reyes la paz','santha martha','acatitla','nicolas bravo');
INSERT INTO persona VALUES(35,'Lorena','Cruz','Guzman','CRGL860505JHUYGGX5','F','Estado de Mexico',7224864434,'lcguzman@gmail.com','50780','los reyes la paz','Olimpia','Emiliano Zapata','lázaro cárdenas');
INSERT INTO persona VALUES(36,'Juan','Ambriz','Polo','AMPJ850606ERDFCCV6','M','Estado de Mexico',7122639491,'jambriz@gmail.com','50730','Atlacomulco','atravillacuatromilpas','rayon','Chabacano');
INSERT INTO persona VALUES(37,'Marcial','Martinez','Blas','MABM840707HGNBJJR7','M','Colima',7221807656,'mmblas@gmail.com','50727','Jocotitlan','santo domingo','dolores','soliralidad');
INSERT INTO persona VALUES(38,'Isaias','Vazquez', 'Juarez','VAJI830808YUNMLLA8','M','Estado de Mexico',7222517488,'ivjuarez@gmail.com','50890','Ixtlahuaca','San lorenzo toxico','río lerma','manzana5');
INSERT INTO persona VALUES(39,'Juan Carlos','Suarez','Sanchez','SUSJ820909EDIKTTG9','M','Estado de Mexico',7122457558,'jssanchez@gmail.col','50980','Atlacomulco','sancarlos','Buenavista','calle manzano');
INSERT INTO persona VALUES(40,'Bruno Emyr','Carreto','Cid de Leon','CACB811010KLASXXN0','M','Campeche',7221440956,'becleon@gmail.com','50739','Toluca','Lerdo','san mateo atenco','Josemaria');
INSERT INTO persona VALUES(41,'Froylan','Verdugo','Ortiz','VEOF801111HGNBYYZ1','M','Estado de Mexico',5583542298,'fvortiz@gmail.com','50200','Toluca','Barrio santa clara','sanjoaquin','callemorelos');
INSERT INTO persona VALUES(42,'Hector','Caballero','Hernandez','CAHH901212TYRUEEI2','M','Estado de Mexico',7221163712,'hchernandez@gmail.com','50620','san martín','robles','atlavilla','calle la mora');
INSERT INTO persona VALUES(43,'Leopoldo','Gil','Antonio','GIAL890113ZMXNVVT3','M','Estado de Mexico',7124356789,'lgantonio@gmail.com','50230','toluca','barrio la merced','buenavista','calletexcoco');
INSERT INTO persona VALUES(44,'Juan','Alberto','Antonio','ALAJ880214EFJABBZ4','M','Tabasco',7124237690,'jaantonio@gmail.com','50780','Jocotitlan','barrio la teneria','bolivia','paseo tollocan');
INSERT INTO persona VALUES(45,'Alfredo','Martinez','Mora','MAMA870315FTILWWF5','M','Estado de Mexico',7224235678,'ammora@gmail.com','50720','morelos','toluca','buenavista','calle alpinismo');
INSERT INTO persona VALUES(46,'Alma','Balderas','Miranda','BAMA860416SDRFKKU6','F','Estado de Mexico',7121345544,'abmiranda@gmail.com','50980','Toluca','milpa alta','tollocan ','calle nicolás bravo');
INSERT INTO persona VALUES(47,'Antonio','Salvador','Valdez','SAVA850517HGJYNNA7','M','Veracruz',7123456789,'asvaldez@gmail.com','50783','Rayón','Olmedo','Altamirano','calle wenceslao');
INSERT INTO persona VALUES(48,'Ximena','Sanches','Mota','SAMX840618RUDFBBL8','F','Estado de Mexico',5563247890,'xsmota@gmail.com','50659','Atlavillla','san martin','palmillas','callepotrero');
INSERT INTO persona VALUES(49,'Carmela','Sosa','Martines','SOMC830719NJIMKKC9','F','Estado de Mexico',7124364565,'csmartinez@gmail.com','50789','metepec','Morelos','rayon','calle5demayo');
INSERT INTO persona VALUES(50,'Maria','Hernandez','Matias','HEMM820820FREDMMA0','F','Queretaro',5568903420,'mhmatias@gmail.com','50980','Ixtlahuaca','Temoaya','sanmiartin','callecañada');
INSERT INTO persona VALUES(51,'Oscar','Andrade','Betancourt','ANBO810921BGTZSSY1','M','Estado de Mexico',5568342819,'oabetancourtqgmail.com','50670','Ixtlahuaca','San lorenzo','Toxico','Manzana1');
INSERT INTO persona VALUES(52,'Thania','Cruz','Olvera','CROT801022COTMNNQ2','F','Estado de Mexico',5534227860,'tcolvera@gmail.com','50489','Ixtapaluca','Iztapalapa','buenavista','callebravo');
INSERT INTO persona VALUES(53,'Fabian','Cruz','Miranda','CRMF901123RGUJOOE3','M','Distrito Federal',5563457890,'fcmiranda@gmail.com','50706','Jocotitlan','Morelos','santa teresa','calle ascencion');
INSERT INTO persona VALUES(54,'Luis Fernado','Miranda','Bolaños','MIBL891224SECAUUV4','M','Estado de Mexico',7134568990,'lfmbolaños@gmail.com','50789','Metepec','Morelos','barrio nopaleras','callevalentingomezfarias');
INSERT INTO persona VALUES(55,'Fatima','Sanches','Medina','SAMF880125VFGBDDA5','F','Estado de Mexico',5534271430,'fsmedina@gmail.com','50723','toluca','rayon ','Morelos','callebienvenida');
INSERT INTO persona VALUES(56,'Ivan','Silva','Reyes','SIRI870226IRUEBBX6','M','Monterrey',5567894332,'isreyes@gmail.com','50780','atlacomulco','milpalta','reyes','calleodilon');
INSERT INTO persona VALUES(57,'Jesus Eduardo','Fuentez','Quezada','FUQJ860327HGYTEEB7','M','Estado de Mexico',7129356780,'jefquezada@gmail.com','50789','ixtlahuaca','rayon','Sanlorenzo','calleazalea');
INSERT INTO persona VALUES(58,'Jackelin','Orduña','Antonio','ORAJ850428CHFBJJT8','F','Estado de Mexico',5534678856,'joantonio@gmail.com','50625','jocotitlan','Losreyes','barriomartin','callegomezfarias');
INSERT INTO persona VALUES(59,'Shunely','Bonifacio','De Jesus','BODS840529NBHFSSW9','F','Hidalgo',7345689030,'sdbonifacio@gmail.com','50789','Metepec','Morelos','Farias','callegeranio');
INSERT INTO persona VALUES(60,'Luis','Nava','Martinez','NAML830430NHYKYYZ0','M','Estado de Mexico',7122456734,'lnmartinez@gmail.com','5760','Ixtlahuaca','Rayon','San Lorenzo Toxico','Manzana 1');

#Tabla Opcion
INSERT INTO opcion VALUES (0,'EQUIV','No_Cursada',' Curso Especial');
INSERT INTO opcion VALUES (1,'CN1','Primera Oportunidad O','Curso Ordinario');
INSERT INTO opcion VALUES (2,'ER1','Segunda Oportunidad O','Curso Ordinario');
INSERT INTO opcion VALUES (3,'EEX','Curso sabatino','Curso Especial');
INSERT INTO opcion VALUES (4,'CN2','Primera Oportunidad R','Curso Recurse');
INSERT INTO opcion VALUES (5,'ER2','Segunda Oportunidad R','Curso Recurse');
INSERT INTO opcion VALUES (6,'EG1','Curso Verano O','Curso Ordinario');
INSERT INTO opcion VALUES (7,'EG2','Curso Verano E','Curso Especial');
INSERT INTO opcion VALUES (8,'EE','Especial','Curso Especial');

# Registros Alumnos
INSERT INTO alumnos VALUES ('2018150480052',01);
INSERT INTO alumnos VALUES ('2018150480053',02);
INSERT INTO alumnos VALUES ('2018150480054',03);
INSERT INTO alumnos VALUES ('2018150480055',04);
INSERT INTO alumnos VALUES ('2018150480056',05);
INSERT INTO alumnos VALUES ('2018150480057',06);
INSERT INTO alumnos VALUES ('2018150480058',07);
INSERT INTO alumnos VALUES ('2018150480059',08);
INSERT INTO alumnos VALUES ('2018150480060',09);
INSERT INTO alumnos VALUES ('2018150480061',10);

INSERT INTO alumnos VALUES('2018150480195',11);
INSERT INTO alumnos VALUES('2018150480034',12);
INSERT INTO alumnos VALUES('2018150480572',13);
INSERT INTO alumnos VALUES('2018150480246',14);
INSERT INTO alumnos VALUES('2018150480125',15);
INSERT INTO alumnos VALUES('2018150480873',16);
INSERT INTO alumnos VALUES('2018150480164',17);
INSERT INTO alumnos VALUES('2018150480073',18);
INSERT INTO alumnos VALUES('2018150480724',19);
INSERT INTO alumnos VALUES('2018150480936',20);

INSERT INTO alumnos VALUES ('2018150480900',21);
INSERT INTO alumnos VALUES ('2018150480915',22);
INSERT INTO alumnos VALUES ('2018150480945',23);
INSERT INTO alumnos VALUES ('2018150480975',24);
INSERT INTO alumnos VALUES ('2018150480969',25);
INSERT INTO alumnos VALUES ('2018150480947',26);
INSERT INTO alumnos VALUES ('2018150480930',27);
INSERT INTO alumnos VALUES ('2018150480974',28);
INSERT INTO alumnos VALUES ('2018150480985',29);
INSERT INTO alumnos VALUES ('2018150480988',30);

# Registros Unidades
INSERT INTO unidades VALUES ('SCD-1003-1',1,'Arquitecturas de cómputo','SCD-1003');
INSERT INTO unidades VALUES ('SCD-1003-2',2,'Estructura y funcionamiento de la CPU','SCD-1003');
INSERT INTO unidades VALUES ('SCD-1003-3',3,'Componentes para ensamble de equipo de computo','SCD-1003');
INSERT INTO unidades VALUES ('SCD-1003-4',4,'Procesamiento paralelo','SCD-1003');
INSERT INTO unidades VALUES ('AEC-1061-1',1,'Sistemas operativos','AEC-1061');
INSERT INTO unidades VALUES ('AEC-1061-2',2,'Administracion de procesos y hyperprocesador','AEC-1061');
INSERT INTO unidades VALUES ('AEC-1061-3',3,'Administracion de memoria','AEC-1061');
INSERT INTO unidades VALUES ('AEC-1061-4',4,'Administracion de Entrada-Salida','AEC-1061');
INSERT INTO unidades VALUES ('AEC-1061-5',5,'Sistemas de archivos','AEC-1061');
INSERT INTO unidades VALUES ('AEC-1061-6',6,'Proteccion y seguridad','AEC-1061');

INSERT INTO unidades VALUES('SCC-1007-1',1,'Fundamentos de Ingeneria en Software','SCC-1007');
INSERT INTO unidades VALUES('SCC-1010-5',5,'Introduccion a la Animacion Por Computadora','SCC-1010');
INSERT INTO unidades VALUES('SCC-1007-2',2,'El modelo de negocio','SCC-1007');
INSERT INTO unidades VALUES('SCC-1007-3',3,'Ingenria de Requerimentos','SCC-1007');
INSERT INTO unidades VALUES('SCC-1007-4',4,'Modelo de Analisis','SCC-1007');
INSERT INTO unidades VALUES('SCC-1007-5',5,'Calidad de Software','SCC-1007');
INSERT INTO unidades VALUES('SCC-1010-1',1,'Introduccion a la Graficacion Por Computadora','SCC-1010');
INSERT INTO unidades VALUES('SCC-1010-2',2,'Graficacion 2D','SCC-1010');
INSERT INTO unidades VALUES('SCC-1010-3',3,'Graficacion 3D','SCC-1010');
INSERT INTO unidades VALUES('SCC-1010-4',4,'Relleno, Iluminacion y Sombreado','SCC-1010');

INSERT INTO unidades VALUES('SCA-1025-1',1,'El SGBD y el Lenguaje de Definición de Datos ','SCA-1025');
INSERT INTO unidades VALUES('SCA-1025-2',2,'Lenguaje de Manipulación de Datos ','SCA-1025');
INSERT INTO unidades VALUES('SCA-1025-3',3,'Administración de base de datos ','SCA-1025');
INSERT INTO unidades VALUES('SCA-1025-4',4,'SQL Procedural ','SCA-1025');
INSERT INTO unidades VALUES('SCA-1025-5',5,'Tecnologías de conectividad de base de datos ','SCA-1025');
INSERT INTO unidades VALUES('AEC-1034-1',1,'Sistema de comunicación','AEC-1034');
INSERT INTO unidades VALUES('AEC-1034-2',2,'Medios de transmisión','AEC-1034');
INSERT INTO unidades VALUES('AEC-1034-3',3,'Modulación ','AEC-1034');
INSERT INTO unidades VALUES('AEC-1034-4',4,'Técnicas de conmutación y multiplexación','AEC-1034');
INSERT INTO unidades VALUES('AEC-1034-5',5,'Modelos y dispositivos de comunicación','AEC-1034');



  #DATOS DE TABLA DOCENTE EN MySQL
insert into Docente VALUES (2000,12345671,'Carrera Profecional',12345678910,1000);
insert into Docente VALUES (2001,12345672,'Carrera Profecional',12345678911,1001);
insert into Docente VALUES (2002,12345673,'Carrera Profecional',12345678912,1002);
insert into Docente VALUES (2003,12345674,'Carrera Profecional',12345678913,1003);
insert into Docente VALUES (2004,12345675,'Carrera Profecional',12345678914,1004);
insert into Docente VALUES (2005,12345676,'Carrera Profecional',12345678915,1005);
insert into Docente VALUES (2006,12345677,'Carrera Profecional',12345678916,1006);
insert into Docente VALUES (2007,12345678,'Carrera Profecional',12345678917,1007);
insert into Docente VALUES (2008,12345679,'Carrera Profecional',12345678918,1008);
insert into Docente VALUES (2009,12345680,'Carrera Profecional',12345678919,1009);
insert into Docente VALUES (2010,12345681,'Carrera Profecional',12345678920,1010);
insert into Docente VALUES (2011,12345682,'Carrera Profecional',12345678921,1011);
insert into Docente VALUES (2012,12345683,'Carrera Profecional',12345678922,1012);
insert into Docente VALUES (2013,12345684,'Carrera Profecional',12345678923,1013);
insert into Docente VALUES (2014,12345685,'Carrera Profecional',12345678924,1014);
insert into Docente VALUES (2015,12345686,'Carrera Profecional',12345678925,1015);
insert into Docente VALUES (2016,12345687,'Carrera Profecional',12345678926,1016);
insert into Docente VALUES (2017,12345688,'Carrera Profecional',12345678927,1017);
insert into Docente VALUES (2018,12345689,'Carrera Profecional',12345678928,1018);
insert into Docente VALUES (2019,12345690,'Carrera Profecional',12345678929,1019);
insert into Docente VALUES (2020,12345691,'Carrera Profecional',12345678930,1000);
insert into Docente VALUES (2021,12345692,'Carrera Profecional',12345678931,1021);
insert into Docente VALUES (2022,12345693,'Carrera Profecional',12345678932,1021);
insert into Docente VALUES (2023,12345694,'Carrera Profecional',12345678933,1022);
insert into Docente VALUES (2024,12345695,'Carrera Profecional',12345678934,1023);
insert into Docente VALUES (2025,12345696,'Carrera Profecional',12345678935,1024);
insert into Docente VALUES (2026,12345697,'Carrera Profecional',12345678936,1025);
insert into Docente VALUES (2027,12345698,'Carrera Profecional',12345678937,1026);
insert into Docente VALUES (2028,12345699,'Carrera Profecional',12345678938,1027);
insert into Docente VALUES (2029,12345100,'Carrera Profecional',12345678939,1028);
insert into Docente VALUES (2000,12345101,'Carrera Profecional',12345678940,1029);

			    #DATOS DE EXAMEN EN MySQL
INSERT INTO EXAMEN VALUES (1000,'14:23','2020-11-25','TESJo',0,0);
INSERT INTO EXAMEN VALUES (1001,'12:32','2021-02-01','TESJo',0,0);
INSERT INTO EXAMEN VALUES (1003,'11:23','2021-11-25','TESJo',0,0);
INSERT INTO EXAMEN VALUES (1004,'21:32','2021-11-25','TESJo',0,0);
INSERT INTO EXAMEN VALUES (1005,'13:51','2021-11-25','TESJo',0,0);
INSERT INTO EXAMEN VALUES (1006,'19:55','2021-11-25','TESJo',0,0);
INSERT INTO EXAMEN VALUES (1007,'17:42','2021-11-25','TESJo',0,0);
INSERT INTO EXAMEN VALUES (1008,'07:21','2021-11-25','TESJo',0,0);
INSERT INTO EXAMEN VALUES (1010,'24:10','2021-11-25','TESJo',0,0);
INSERT INTO EXAMEN VALUES (1011,'11:54','2021-11-25','TESJo',0,0);
INSERT INTO EXAMEN VALUES (1012,'21:45','2021-11-25','TESJo',0,0);
INSERT INTO EXAMEN VALUES (1013,'22:34','2021-11-25','TESJo',0,0);
INSERT INTO EXAMEN VALUES (1014,'20:14','2021-11-25','TESJo',0,0);
INSERT INTO EXAMEN VALUES (1015,'12:53','2021-11-25','TESJo',0,0);
INSERT INTO EXAMEN VALUES (1016,'08:23','2021-11-25','TESJo',0,0);
INSERT INTO EXAMEN VALUES (1017,'09:54','2021-11-25','TESJo',0,0);
INSERT INTO EXAMEN VALUES (1018,'21:46','2021-11-25','TESJo',0,0);
INSERT INTO EXAMEN VALUES (1019,'22:31','2021-11-25','TESJo',0,0);
INSERT INTO EXAMEN VALUES (1020,'23:59','2021-11-25','TESJo',0,0);
INSERT INTO EXAMEN VALUES (1021,'13:56','2021-11-25','TESJo',0,0);
INSERT INTO EXAMEN VALUES (1022,'16:40','2021-11-25','TESJo',0,0);
INSERT INTO EXAMEN VALUES (1023,'10:22','2021-11-25','TESJo',0,0);
INSERT INTO EXAMEN VALUES (1024,'19:12','2021-11-25','TESJo',0,0);
INSERT INTO EXAMEN VALUES (1025,'20:11','2021-11-25','TESJo',0,0);
INSERT INTO EXAMEN VALUES (1026,'18:47','2021-11-25','TESJo',0,0);
INSERT INTO EXAMEN VALUES (1027,'08:21','2021-11-25','TESJo',0,0);
INSERT INTO EXAMEN VALUES (1028,'12:54','2021-11-25','TESJo',0,0);
INSERT INTO EXAMEN VALUES (1029,'07:13','2021-11-25','TESJo',0,0);

#pagos de certificados
INSERT INTO pagos VALUES(14001,'970000219016563152944311721','CERTIFICADO DE ESTUDIOS TOTAL',821);
INSERT INTO pagos VALUES(14002,'970000219016563152944311722','CERTIFICADO DE ESTUDIOS TOTAL',821);
INSERT INTO pagos VALUES(14003,'970000219016563152944311723','CERTIFICADO DE ESTUDIOS TOTAL',821);
INSERT INTO pagos VALUES(14004,'970000219016563152944311724','CERTIFICADO DE ESTUDIOS TOTAL',821);
INSERT INTO pagos VALUES(14005,'970000219016563152944311725','CERTIFICADO DE ESTUDIOS TOTAL',821);
INSERT INTO pagos VALUES(14006,'970000219016563152944311726','CERTIFICADO DE ESTUDIOS PARCIAL',409);
INSERT INTO pagos VALUES(14007,'970000219016563152944311727','CERTIFICADO DE ESTUDIOS PARCIAL',409);
INSERT INTO pagos VALUES(14008,'970000219016563152944311728','CERTIFICADO DE ESTUDIOS PARCIAL',409);
INSERT INTO pagos VALUES(14009,'970000219016563152944311729','CERTIFICADO DE ESTUDIOS PARCIAL',409);
INSERT INTO pagos VALUES(14010,'970000219016563152944311730','CERTIFICADO DE ESTUDIOS PARCIAL',409);
                            
INSERT INTO pagos VALUES(14020, '970000219016563152944311701','CERTIFICADO DE ESTUDIOS TOTAL', 821);
INSERT INTO pagos VALUES(14011, '970000219016563152944311702','CERTIFICADO DE ESTUDIOS PARCIAL', 409);
INSERT INTO pagos VALUES(14012, '970000219016563152944311703','CERTIFICADO DE ESTUDIOS TOTAL', 821);
INSERT INTO pagos VALUES(14013, '970000219016563152944311704','CERTIFICADO DE ESTUDIOS PARCIAL' , 409);
INSERT INTO pagos VALUES(14014, '970000219016563152944311705','CERTIFICADO DE ESTUDIOS TOTAL' , 821);
INSERT INTO pagos VALUES(14015, '970000219016563152944311706','CERTIFICADO DE ESTUDIOS PARCIAL', 409);
INSERT INTO pagos VALUES(14016, '970000219016563152944311707','CERTIFICADO DE ESTUDIOS TOTAL', 821);
INSERT INTO pagos VALUES(14018, '970000219016563152944311708','CERTIFICADO DE ESTUDIOS PARCIAL', 409);
INSERT INTO pagos VALUES(14017, '970000219016563152944311709','CERTIFICADO DE ESTUDIOS TOTAL', 821);
INSERT INTO pagos VALUES(14019, '970000219016563152944311710','CERTIFICADO DE ESTUDIOS PARCIAL', 409);

INSERT INTO pagos VALUES(14030, '970000219016563152944311711','CERTIFICADO DE ESTUDIOS PARCIAL', 409);
INSERT INTO pagos VALUES(14021, '970000219016563152944311712','CERTIFICADO DE ESTUDIOS TOTAL', 821);
INSERT INTO pagos VALUES(14022, '970000219016563152944311713','CERTIFICADO DE ESTUDIOS PARCIAL', 409);
INSERT INTO pagos VALUES(14023, '970000219016563152944311714','CERTIFICADO DE ESTUDIOS TOTAL', 821);
INSERT INTO pagos VALUES(14024, '970000219016563152944311715','CERTIFICADO DE ESTUDIOS PARCIAL',409);
INSERT INTO pagos VALUES(14025, '970000219016563152944311716','CERTIFICADO DE ESTUDIOS TOTAL' , 821);
INSERT INTO pagos VALUES(14026, '970000219016563152944311717','CERTIFICADO DE ESTUDIOS PARCIAL', 409);
INSERT INTO pagos VALUES(14027, '970000219016563152944311718','CERTIFICADO DE ESTUDIOS TOTAL', 821);
INSERT INTO pagos VALUES(14028, '970000219016563152944311719','CERTIFICADO DE ESTUDIOS PARCIAL', 409);
INSERT INTO pagos VALUES(14029, '970000219016563152944311720','CERTIFICADO DE ESTUDIOS TOTAL', 821);

#Registros certificados	
INSERT INTO certificados VALUES('C1','2018150480052',9606,14001);
INSERT INTO certificados VALUES('C2','2018150480053',9606,14002);
INSERT INTO certificados VALUES('C3','2018150480054',9606,14003);
INSERT INTO certificados VALUES('C4','2018150480055',9606,14004);
INSERT INTO certificados VALUES('C5','2018150480056',9606,14005);
INSERT INTO certificados VALUES('C6','2018150480057',9607,14006);
INSERT INTO certificados VALUES('C7','2018150480058',9607,14007);
INSERT INTO certificados VALUES('C8','2018150480059',9607,14008);
INSERT INTO certificados VALUES('C9','2018150480060',9607,14009);
INSERT INTO certificados VALUES('C10','2018150480061',9607,14010);
                            
INSERT INTO certificados VALUES('C20','2018150480900',9606, 14020);
INSERT INTO certificados VALUES('C18','2018150480915',9607, 14011);
INSERT INTO certificados VALUES('C13','2018150480945',9606, 14012);
INSERT INTO certificados VALUES('C11','2018150480975',9607, 14013);
INSERT INTO certificados VALUES('C12','2018150480969',9606, 14014);
INSERT INTO certificados VALUES('C15','2018150480947',9607, 14015);
INSERT INTO certificados VALUES('C17','2018150480930',9606, 14016);
INSERT INTO certificados VALUES('C14','2018150480974',9607, 14017);
INSERT INTO certificados VALUES('C16','2018150480988',9606, 14018);
INSERT INTO certificados VALUES('C19','2018150480985',9607, 14019);
			                                
INSERT INTO certificados VALUES('C21','2018150480195',9607, 14030);
INSERT INTO certificados VALUES('C22','2018150480034',9606, 14021);
INSERT INTO certificados VALUES('C23','2018150480572',9607, 14022);
INSERT INTO certificados VALUES('C24','2018150480246',9606, 14023);
INSERT INTO certificados VALUES('C25','2018150480125',9607, 14024);
INSERT INTO certificados VALUES('C26','2018150480873',9606, 14025);
INSERT INTO certificados VALUES('C27','2018150480164',9607, 14026);
INSERT INTO certificados VALUES('C28','2018150480073',9606, 14027);
INSERT INTO certificados VALUES('C29','2018150480724',9607, 14028);
INSERT INTO certificados VALUES('C30','2018150480936',9606, 14029);
#Registros tipo certificado
INSERT INTO tipo VALUES(9606,'CERTIFICADO DE ESTUDIOS TOTAL','Documento de calificaciones certifacada',821);
INSERT INTO tipo VALUES(9607,'CERTIFICADO DE ESTUDIOS PARCIAL','Documento de calificaciones certifacada',409);